,Unnamed: 0,Unnamed: 0.1,name,description,attribution,columns_field_name,columns_name,type,categories,domain_category,domain_tags,provenance,download_count,page_views_last_month,page_views_last_week,page_views_total,page_views_total_log,domain,mash,big_mash,topic_comp,topic_comp_list,top_topic_id
626,626,626,Physically Active Adolescents,"['Percent', 'of', 'Salt', 'Lake', 'County', 'adolescents', 'who', 'are', 'physically', 'active', 'for', '60', 'minutes', 'at', 'least', '5', 'of', 'the', 'last', 'seven', 'days']",Utah Department of Health,"['year2', 'physically_active_adolescents', 'year']","['Year2', 'PHYSICALLY ACTIVE ADOLESCENTS', 'YEAR']",dataset,[],,"['active', 'adolescent', 'physical', 'youth']",official,543.0,4.0,0.0,26875.0,14.7140308149,dashboard.slco.org,"['active', 'adolescent', 'physical', 'youth']","['active', 'adolescent', 'physical', 'youth', 'Percent', 'of', 'Salt', 'Lake', 'County', 'adolescents', 'who', 'are', 'physically', 'active', 'for', '60', 'minutes', 'at', 'least', '5', 'of', 'the', 'last', 'seven', 'days']","[(0, 0.069765141686145934), (20, 0.33765467890318296), (25, 0.14760896793091177), (30, 0.085750686419825153), (41, 0.11877828054298632), (42, 0.06919298224642062), (51, 0.1203442848949608)]","[(20, 0.33765467890318296), (25, 0.14760896793091177), (51, 0.1203442848949608), (41, 0.11877828054298632), (30, 0.08575068641982515), (0, 0.06976514168614593), (42, 0.06919298224642062)]",20
11669,11838,11838,Marine Event Calendar,"['This', 'is', 'a', 'list', 'of', 'all', 'marine', 'related', 'events', 'permitted', 'by', 'the', 'Oregon', 'State', 'Marine', 'Board', 'and', 'the', 'U', 'S', 'Coast', 'Guard', 'for', 'the', 'current', 'year', 'on', 'Oregon', 'waterways']",Oregon State Marine Board,"['event_end_date', 'event', 'contact', 'location', 'event_start_date', 'sponsor', 'permit_number']","['EVENT END DATE', 'EVENT', 'CONTACT', 'LOCATION', 'EVENT START DATE', 'SPONSOR', 'PERMIT NUMBER']",calendar,['demographics'],Recreation,"['events', 'regattas', 'races', 'boats', 'marine', 'parades', 'tournaments', 'exhibits', 'log races', 'cruises', 'sponsored']",official,1176.0,88.0,11.0,10720.0,13.3881518588,data.oregon.gov,"['events', 'regattas', 'races', 'boats', 'marine', 'parades', 'tournaments', 'exhibits', 'log', 'races', 'cruises', 'sponsored', 'demographics', 'recreation']","['events', 'regattas', 'races', 'boats', 'marine', 'parades', 'tournaments', 'exhibits', 'log', 'races', 'cruises', 'sponsored', 'demographics', 'recreation', 'This', 'is', 'a', 'list', 'of', 'all', 'marine', 'related', 'events', 'permitted', 'by', 'the', 'Oregon', 'State', 'Marine', 'Board', 'and', 'the', 'U', 'S', 'Coast', 'Guard', 'for', 'the', 'current', 'year', 'on', 'Oregon', 'waterways']","[(4, 0.072145532530016002), (5, 0.038876288758794002), (9, 0.034243615915998123), (15, 0.15765962846710163), (20, 0.19416873449131503), (29, 0.096772528891667112), (30, 0.032878411910669952), (31, 0.070218827099092024), (35, 0.037898186966382176), (36, 0.043480404751067708), (43, 0.16396553252558793), (44, 0.032878411910669952)]","[(20, 0.19416873449131503), (43, 0.16396553252558793), (15, 0.15765962846710163), (29, 0.09677252889166711), (4, 0.072145532530016), (31, 0.07021882709909202), (36, 0.04348040475106771), (5, 0.038876288758794), (35, 0.037898186966382176), (9, 0.03424361591599812), (30, 0.03287841191066995), (44, 0.03287841191066995)]",20
11699,11868,11868,Lake Billy Chinook,"['Current', 'locations', 'of', 'pumpout', 'and', 'dump', 'stations', 'in', 'Oregon']",Oregon State Marine Board,"['location', 'fee', 'rivermile', 'coordinates', 'waterbody', 'operates', 'hours', 'icon', 'contact_person', 'type', 'facility_name', 'contact_phone']","['Location', 'Fee', 'Rivermile', 'Coordinates', 'Waterbody', 'Operates', 'Hours', 'icon', 'Contact Person', 'Type', 'Facility Name', 'Contact Phone']",map,"['demographics', 'infrastructure', 'environment']",Recreation,"['boater', 'boating', 'clean', 'discharge', 'dump', 'facilities', 'guides', 'pumpout', 'sewage']",official,71.0,97.0,11.0,5319.0,12.3772105304,data.oregon.gov,"['boater', 'boating', 'clean', 'discharge', 'dump', 'facilities', 'guides', 'pumpout', 'sewage', 'demographics', 'infrastructure', 'environment', 'recreation']","['boater', 'boating', 'clean', 'discharge', 'dump', 'facilities', 'guides', 'pumpout', 'sewage', 'demographics', 'infrastructure', 'environment', 'recreation', 'Current', 'locations', 'of', 'pumpout', 'and', 'dump', 'stations', 'in', 'Oregon']","[(5, 0.063050952279068387), (9, 0.0997885450582702), (11, 0.15985726728333122), (20, 0.16357273249924648), (21, 0.068291752192431943), (23, 0.057016581739713842), (36, 0.12639374207039383), (43, 0.10994486532137968), (44, 0.051267337258341386), (48, 0.060431608913206647)]","[(20, 0.16357273249924648), (11, 0.15985726728333122), (36, 0.12639374207039383), (43, 0.10994486532137968), (9, 0.0997885450582702), (21, 0.06829175219243194), (5, 0.06305095227906839), (48, 0.06043160891320665), (23, 0.05701658173971384), (44, 0.051267337258341386)]",20
11729,11898,11898,OSAC Calendar,"['Oregon', 'State', 'Athletic', 'Commission', 'calendar', 'of', 'events']",,"['map_link', 'call_in_access_code', 'web_link_optional', 'contact_email', 'public_call_in_number', 'public_comment_accepted', 'details', 'phone_number', 'city', 'street_address', 'zip', 'state', 'short_description', 'event_title', 'location_1', 'owner', 'map_location', 'agenda_upload', 'agenda_url', 'contact_name', 'end_date_amp_time', 'start_date_amp_time']","['Map Link', 'Call-in Access Code', 'Web Link (optional)', 'Contact Email', 'Public Call-In Number', 'Public Comment Accepted', 'Details', 'Phone Number', 'City', 'Street Address', 'Zip', 'State', 'Short Description', 'Event Title', 'Location 1', 'Owner', 'Map Location', 'Agenda Upload', 'Agenda URL', 'Contact Name', 'End Date &amp; Time', 'Start Date &amp; Time']",calendar,['demographics'],Public Safety,"['ring side sports', 'osac', 'oregon state athletic commission', 'mixed martial arts', 'mma', 'kick boxing', 'boxing', 'entertainment wrestling', 'wrestling']",official,166.0,80.0,10.0,3658.0,11.8372337003,data.oregon.gov,"['ring', 'side', 'sports', 'osac', 'oregon', 'state', 'athletic', 'commission', 'mixed', 'martial', 'arts', 'mma', 'kick', 'boxing', 'boxing', 'entertainment', 'wrestling', 'wrestling', 'demographics', 'public', 'safety']","['ring', 'side', 'sports', 'osac', 'oregon', 'state', 'athletic', 'commission', 'mixed', 'martial', 'arts', 'mma', 'kick', 'boxing', 'boxing', 'entertainment', 'wrestling', 'wrestling', 'demographics', 'public', 'safety', 'Oregon', 'State', 'Athletic', 'Commission', 'calendar', 'of', 'events']","[(2, 0.13724054624872387), (3, 0.036524412262105413), (15, 0.071992071254378023), (18, 0.072767795647469644), (20, 0.21497252747252735), (22, 0.036401098901098869), (26, 0.072115384615384553), (28, 0.036401098901098869), (31, 0.072692720816820086), (38, 0.036971190483102198), (43, 0.148047527023664), (51, 0.036401098901098869)]","[(20, 0.21497252747252735), (43, 0.148047527023664), (2, 0.13724054624872387), (18, 0.07276779564746964), (31, 0.07269272081682009), (26, 0.07211538461538455), (15, 0.07199207125437802), (38, 0.0369711904831022), (3, 0.03652441226210541), (22, 0.03640109890109887), (28, 0.03640109890109887), (51, 0.03640109890109887)]",20
11749,11918,11918,Columbia River- Portland Metro,"['Current', 'locations', 'of', 'dump', 'and', 'pumpout', 'stations', 'in', 'Oregon']",Oregon State Marine Board,"['fee', 'location', 'facility_name', 'type', 'hours', 'contact_phone', 'rivermile', 'contact_person', 'operates', 'icon', 'coordinates', 'waterbody']","['Fee', 'Location', 'Facility Name', 'Type', 'Hours', 'Contact Phone', 'Rivermile', 'Contact Person', 'Operates', 'icon', 'Coordinates', 'Waterbody']",map,['demographics'],Recreation,"['boater', 'boating', 'clean', 'discharge', 'dump', 'facilities', 'guides', 'pumpout', 'sewage']",official,62.0,11.0,1.0,3076.0,11.5873087283,data.oregon.gov,"['boater', 'boating', 'clean', 'discharge', 'dump', 'facilities', 'guides', 'pumpout', 'sewage', 'demographics', 'recreation']","['boater', 'boating', 'clean', 'discharge', 'dump', 'facilities', 'guides', 'pumpout', 'sewage', 'demographics', 'recreation', 'Current', 'locations', 'of', 'dump', 'and', 'pumpout', 'stations', 'in', 'Oregon']","[(5, 0.07256265488982791), (9, 0.10129829492445744), (11, 0.086036030433060046), (20, 0.16773504273504256), (21, 0.070819579302473457), (23, 0.063424654831029603), (36, 0.14556469043390199), (43, 0.12366099954267547), (44, 0.056623931623931562), (48, 0.067402326411804103)]","[(20, 0.16773504273504256), (36, 0.145564690433902), (43, 0.12366099954267547), (9, 0.10129829492445744), (11, 0.08603603043306005), (5, 0.07256265488982791), (21, 0.07081957930247346), (48, 0.0674023264118041), (23, 0.0634246548310296), (44, 0.05662393162393156)]",20
11792,11961,11961,Willamette River- Portland Metro,"['Current', 'locations', 'of', 'dump', 'and', 'pumpout', 'stations', 'in', 'Oregon']",Oregon State Marine Board,"['region', 'contact_phone', 'hours', 'fee', 'waterbody', 'location', 'rivermile', 'county', 'city', 'icon', 'owner', 'zip', 'type', 'contact_person', 'facility_name', 'coordinates', 'operates']","['Region', 'Contact Phone', 'Hours', 'Fee', 'Waterbody', 'Location', 'Rivermile', 'County', 'City', 'icon', 'Owner', 'Zip', 'Type', 'Contact Person', 'Facility Name', 'Coordinates', 'Operates']",map,['demographics'],Recreation,"['boater', 'boating', 'clean', 'discharge', 'dump', 'facilities', 'guides', 'pumpout', 'sewage']",official,73.0,53.0,6.0,1944.0,10.9255544399,data.oregon.gov,"['boater', 'boating', 'clean', 'discharge', 'dump', 'facilities', 'guides', 'pumpout', 'sewage', 'demographics', 'recreation']","['boater', 'boating', 'clean', 'discharge', 'dump', 'facilities', 'guides', 'pumpout', 'sewage', 'demographics', 'recreation', 'Current', 'locations', 'of', 'dump', 'and', 'pumpout', 'stations', 'in', 'Oregon']","[(5, 0.073229343025528484), (9, 0.10106963733987558), (11, 0.086036005992259829), (20, 0.16773504273504256), (21, 0.070512441520739877), (23, 0.063357559625659421), (36, 0.14559331699397846), (43, 0.12366217435780118), (44, 0.056623931623931562), (48, 0.067308751913387185)]","[(20, 0.16773504273504256), (36, 0.14559331699397846), (43, 0.12366217435780118), (9, 0.10106963733987558), (11, 0.08603600599225983), (5, 0.07322934302552848), (21, 0.07051244152073988), (48, 0.06730875191338719), (23, 0.06335755962565942), (44, 0.05662393162393156)]",20
11810,11979,11979,Multnomah Channel,"['Current', 'locations', 'of', 'dump', 'and', 'pumpout', 'stations', 'in', 'Oregon']",Oregon State Marine Board,"['operates', 'fee', 'type', 'facility_name', 'icon', 'contact_person', 'contact_phone', 'rivermile', 'waterbody', 'location', 'coordinates', 'hours']","['Operates', 'Fee', 'Type', 'Facility Name', 'icon', 'Contact Person', 'Contact Phone', 'Rivermile', 'Waterbody', 'Location', 'Coordinates', 'Hours']",map,['demographics'],Recreation,"['boater', 'boating', 'clean', 'discharge', 'dump', 'facilities', 'guides', 'pumpout', 'sewage']",official,63.0,47.0,0.0,1604.0,10.648357582,data.oregon.gov,"['boater', 'boating', 'clean', 'discharge', 'dump', 'facilities', 'guides', 'pumpout', 'sewage', 'demographics', 'recreation']","['boater', 'boating', 'clean', 'discharge', 'dump', 'facilities', 'guides', 'pumpout', 'sewage', 'demographics', 'recreation', 'Current', 'locations', 'of', 'dump', 'and', 'pumpout', 'stations', 'in', 'Oregon']","[(5, 0.073502488604566985), (9, 0.10084786819979925), (11, 0.086160196196808037), (20, 0.16773504273504253), (21, 0.070384913869161736), (23, 0.063336633095105774), (36, 0.14559244771904456), (43, 0.12366438762734654), (44, 0.056623931623931555), (48, 0.067280295457397013)]","[(20, 0.16773504273504253), (36, 0.14559244771904456), (43, 0.12366438762734654), (9, 0.10084786819979925), (11, 0.08616019619680804), (5, 0.07350248860456698), (21, 0.07038491386916174), (48, 0.06728029545739701), (23, 0.06333663309510577), (44, 0.056623931623931555)]",20
959,959,959,Resolutions Summary,"['A', 'summary', 'of', 'Council', 'Member', 'Laura', ""Morrison's"", 'resolutions']",,"['topic', 'agenda_posting_language', 'meeting_date', 'summary']","['Topic', 'Agenda Posting Language', 'Meeting Date', 'Summary']",dataset,[],,"['resolution', 'morrison']",official,460.0,1.0,0.0,1530.0,10.5802585675,data.austintexas.gov,"['resolution', 'morrison']","['resolution', 'morrison', 'A', 'summary', 'of', 'Council', 'Member', 'Laura', ""Morrison's"", 'resolutions']","[(15, 0.22435897435897409), (20, 0.44658119658119605), (33, 0.11324786324786311), (37, 0.11324786324786311)]","[(20, 0.44658119658119605), (15, 0.2243589743589741), (33, 0.11324786324786311), (37, 0.11324786324786311)]",20
11816,11985,11985,OSAC Calendar,"['Oregon', 'State', 'Athletic', 'Commission', 'calendar', 'of', 'events']",,"['end_date_amp_time', 'details', 'short_description', 'event_title', 'location_1', 'owner', 'public_call_in_number', 'agenda_url', 'phone_number', 'map_location', 'agenda_upload', 'call_in_access_code', 'state', 'public_comment_accepted', 'contact_name', 'zip', 'map_link', 'web_link_optional', 'contact_email', 'street_address', 'city', 'start_date_amp_time']","['End Date &amp; Time', 'Details', 'Short Description', 'Event Title', 'Location 1', 'Owner', 'Public Call-In Number', 'Agenda URL', 'Phone Number', 'Map Location', 'Agenda Upload', 'Call-in Access Code', 'State', 'Public Comment Accepted', 'Contact Name', 'Zip', 'Map Link', 'Web Link (optional)', 'Contact Email', 'Street Address', 'City', 'Start Date &amp; Time']",dataset,['demographics'],Public Safety,"['wrestling', 'entertainment wrestling', 'mma', 'kick boxing', 'osac', 'mixed martial arts', 'oregon state athletic commission', 'boxing', 'ring side sports']",official,816.0,24.0,0.0,1447.0,10.4998458871,data.oregon.gov,"['wrestling', 'entertainment', 'wrestling', 'mma', 'kick', 'boxing', 'osac', 'mixed', 'martial', 'arts', 'oregon', 'state', 'athletic', 'commission', 'boxing', 'ring', 'side', 'sports', 'demographics', 'public', 'safety']","['wrestling', 'entertainment', 'wrestling', 'mma', 'kick', 'boxing', 'osac', 'mixed', 'martial', 'arts', 'oregon', 'state', 'athletic', 'commission', 'boxing', 'ring', 'side', 'sports', 'demographics', 'public', 'safety', 'Oregon', 'State', 'Athletic', 'Commission', 'calendar', 'of', 'events']","[(2, 0.13724057241490284), (15, 0.069935990554940083), (18, 0.072767793883255355), (20, 0.21497252747252737), (22, 0.036401098901098876), (26, 0.070923615222772046), (28, 0.036401098901098876), (31, 0.072692719279516704), (38, 0.036971188599241658), (42, 0.039772262354155881), (43, 0.14804750604286335), (51, 0.036401098901098876)]","[(20, 0.21497252747252737), (43, 0.14804750604286335), (2, 0.13724057241490284), (18, 0.07276779388325536), (31, 0.0726927192795167), (26, 0.07092361522277205), (15, 0.06993599055494008), (42, 0.03977226235415588), (38, 0.03697118859924166), (22, 0.036401098901098876), (28, 0.036401098901098876), (51, 0.036401098901098876)]",20
5756,5925,5925,IDPH 1990-2016 STD Illinois By County Chlamydia,"['Illinois', 'Chlamydia', 'case', 'counts', 'and', 'rates', '(per', '100', '000', 'population)', 'by', 'county', 'by', 'year', '(1990', 'to', '2016)', 'See', 'attachment', 'for', 'metadata', 'and', 'censoring', 'details', 'under', 'the', '""About""', 'link', 'Null', 'values', 'in', 'dataset', 'reflect', 'censored', 'data', 'Data', 'Source', 'Illinois', 'Department', 'of', 'Public', 'Health', 'STD', 'Program']",Illinois Department of Public Health STD Program,"['_2008_count', 'countyfips', 'county', 'year', 'sort', '_2009_count']","['Count', 'CountyFIPS', 'County/Jurisdiction', 'Year', 'Sort', 'Rate']",dataset,[],Public Health,"['rate', 'count', 'county', 'chlamydia', 'std']",official,1328.0,20.0,2.0,1436.0,10.4888443465,data.illinois.gov,"['rate', 'count', 'county', 'chlamydia', 'std', 'public', 'health']","['rate', 'count', 'county', 'chlamydia', 'std', 'public', 'health', 'Illinois', 'Chlamydia', 'case', 'counts', 'and', 'rates', '(per', '100', '000', 'population)', 'by', 'county', 'by', 'year', '(1990', 'to', '2016)', 'See', 'attachment', 'for', 'metadata', 'and', 'censoring', 'details', 'under', 'the', '""About""', 'link', 'Null', 'values', 'in', 'dataset', 'reflect', 'censored', 'data', 'Data', 'Source', 'Illinois', 'Department', 'of', 'Public', 'Health', 'STD', 'Program']","[(2, 0.15259180066008846), (6, 0.04758379281494874), (7, 0.13350272829963922), (11, 0.027598769231269641), (12, 0.097936168240401147), (16, 0.060378270691928616), (20, 0.17170635637053716), (24, 0.026821862348178172), (26, 0.16827841984948302), (27, 0.027297860258966744), (51, 0.06555498338030942)]","[(20, 0.17170635637053716), (26, 0.16827841984948302), (2, 0.15259180066008846), (7, 0.13350272829963922), (12, 0.09793616824040115), (51, 0.06555498338030942), (16, 0.060378270691928616), (6, 0.04758379281494874), (11, 0.02759876923126964), (27, 0.027297860258966744), (24, 0.026821862348178172)]",20
11857,12026,12026,Green Peter Reservoir,"['Current', 'locations', 'of', 'pumpout', 'and', 'dump', 'stations', 'around', 'Green', 'Peter', 'Reservoir', 'in', 'Oregon']",Oregon State Marine Board,"['operates', 'waterbody', 'coordinates', 'rivermile', 'icon', 'fee', 'location', 'hours', 'facility_name', 'contact_phone', 'type', 'contact_person']","['Operates', 'Waterbody', 'Coordinates', 'Rivermile', 'icon', 'Fee', 'Location', 'Hours', 'Facility Name', 'Contact Phone', 'Type', 'Contact Person']",map,['demographics'],Recreation,"['boater', 'boating', 'clean', 'discharge', 'dump', 'facilities', 'guides', 'pumpout', 'sewage']",official,73.0,66.0,11.0,1047.0,10.0334230015,data.oregon.gov,"['boater', 'boating', 'clean', 'discharge', 'dump', 'facilities', 'guides', 'pumpout', 'sewage', 'demographics', 'recreation']","['boater', 'boating', 'clean', 'discharge', 'dump', 'facilities', 'guides', 'pumpout', 'sewage', 'demographics', 'recreation', 'Current', 'locations', 'of', 'pumpout', 'and', 'dump', 'stations', 'around', 'Green', 'Peter', 'Reservoir', 'in', 'Oregon']","[(4, 0.064109181538118787), (5, 0.04776874887179778), (9, 0.085558324751610307), (11, 0.068809592636071171), (13, 0.048369685523244894), (20, 0.18269230769230754), (21, 0.053942125120998392), (23, 0.050341477824675324), (36, 0.11445121092296656), (43, 0.1504233653627437), (44, 0.046328671328671286), (48, 0.052240273461758482)]","[(20, 0.18269230769230754), (43, 0.1504233653627437), (36, 0.11445121092296656), (9, 0.0855583247516103), (11, 0.06880959263607117), (4, 0.06410918153811879), (21, 0.05394212512099839), (48, 0.05224027346175848), (23, 0.050341477824675324), (13, 0.048369685523244894), (5, 0.04776874887179778), (44, 0.046328671328671286)]",20
11873,12042,12042,Willamette River- Clackamas County,"['Locations', 'of', 'pumpout', 'and', 'dump', 'stations', 'in', 'Oregon']",Oregon State Marine Board,"['fee', 'rivermile', 'waterbody', 'contact_phone', 'contact_person', 'icon', 'facility_name', 'coordinates', 'operates', 'hours', 'type', 'location']","['Fee', 'Rivermile', 'Waterbody', 'Contact Phone', 'Contact Person', 'icon', 'Facility Name', 'Coordinates', 'Operates', 'Hours', 'Type', 'Location']",map,['demographics'],Recreation,"['boater', 'boating', 'clean', 'discharge', 'dump', 'facilities', 'guides', 'pumpout', 'sewage']",official,77.0,29.0,4.0,958.0,9.90538700502,data.oregon.gov,"['boater', 'boating', 'clean', 'discharge', 'dump', 'facilities', 'guides', 'pumpout', 'sewage', 'demographics', 'recreation']","['boater', 'boating', 'clean', 'discharge', 'dump', 'facilities', 'guides', 'pumpout', 'sewage', 'demographics', 'recreation', 'Locations', 'of', 'pumpout', 'and', 'dump', 'stations', 'in', 'Oregon']","[(9, 0.1685968944013343), (11, 0.080587310870702672), (20, 0.17760180995475092), (21, 0.059954751131221638), (23, 0.061369653977894512), (36, 0.15250044221772016), (43, 0.1304441234607068), (44, 0.059954751131221638), (48, 0.060347728917794552)]","[(20, 0.17760180995475092), (9, 0.1685968944013343), (36, 0.15250044221772016), (43, 0.1304441234607068), (11, 0.08058731087070267), (23, 0.06136965397789451), (48, 0.06034772891779455), (21, 0.05995475113122164), (44, 0.05995475113122164)]",20
11897,12066,12066,AISP 1 & 2-Year Tyvek Tag Dealers,"['Where', 'to', 'get', 'the', 'Tyvek', 'AISP', 'Permit', 'Paddle', 'craft', 'out', 'of', 'state', 'Motor', 'Boats', 'and', 'other', 'non', 'motorized', 'vessels', ""10'"", 'and', 'over']",Oregon State Marine Board,"['type_of_tyvek_permits_sold', 'hours', 'location_', 'name', 'county', 'icon', 'phone', 'website']","['Type of Tyvek Permits Sold', 'Hours', 'Location ', 'Name', 'County', 'icon', 'Phone', 'Website']",dataset,[],Recreation,"['aquatic', 'boats', 'craft', 'invasive', 'motor boats', 'non-motorized', 'out-of-state', 'paddle', 'permit', 'program', 'species', 'vessel']",official,866.0,5.0,0.0,873.0,9.7714894695,data.oregon.gov,"['aquatic', 'boats', 'craft', 'invasive', 'motor', 'boats', 'non-motorized', 'out-of-state', 'paddle', 'permit', 'program', 'species', 'vessel', 'recreation']","['aquatic', 'boats', 'craft', 'invasive', 'motor', 'boats', 'non-motorized', 'out-of-state', 'paddle', 'permit', 'program', 'species', 'vessel', 'recreation', 'Where', 'to', 'get', 'the', 'Tyvek', 'AISP', 'Permit', 'Paddle', 'craft', 'out', 'of', 'state', 'Motor', 'Boats', 'and', 'other', 'non', 'motorized', 'vessels', ""10'"", 'and', 'over']","[(1, 0.04489566318249965), (3, 0.10957533382477136), (9, 0.1078296703296702), (14, 0.07211538461538454), (18, 0.10110637343020884), (19, 0.037585510102233578), (20, 0.12454898790358836), (23, 0.036401098901098862), (37, 0.10782967032967022), (43, 0.070872618364311343), (44, 0.12330770759299721), (46, 0.036459453951037356)]","[(20, 0.12454898790358836), (44, 0.12330770759299721), (3, 0.10957533382477136), (37, 0.10782967032967022), (9, 0.1078296703296702), (18, 0.10110637343020884), (14, 0.07211538461538454), (43, 0.07087261836431134), (1, 0.04489566318249965), (19, 0.03758551010223358), (46, 0.036459453951037356), (23, 0.03640109890109886)]",20
1037,1037,1037,Austin Water - Active Permitted Industrial Users,"['\u200bList', 'of', 'active', 'permitted', 'Industrial', 'Users', '(IU)', 'of', 'the', 'Austin', 'Water', ""Utility's"", 'sanitary', 'sewer', 'system', 'under', 'the', 'Industrial', 'Waste', 'Control/Pretreatement', 'Program']",Austin Water,"['permit_type', 'permit_number', 'business_name', 'service_address']","['PERMIT_TYPE', 'PERMIT_NUMBER', 'BUSINESS_NAME', 'SERVICE_ADDRESS']",dataset,"['infrastructure', 'environment']",Utility,"['aw', 'permitted', 'wastewater', 'industrial waste']",official,738.0,4.0,1.0,813.0,9.66888498427,data.austintexas.gov,"['aw', 'permitted', 'wastewater', 'industrial', 'waste', 'infrastructure', 'environment', 'utility']","['aw', 'permitted', 'wastewater', 'industrial', 'waste', 'infrastructure', 'environment', 'utility', '\u200bList', 'of', 'active', 'permitted', 'Industrial', 'Users', '(IU)', 'of', 'the', 'Austin', 'Water', ""Utility's"", 'sanitary', 'sewer', 'system', 'under', 'the', 'Industrial', 'Waste', 'Control/Pretreatement', 'Program']","[(12, 0.080769230769230704), (16, 0.12243993755556058), (20, 0.29296250397959372), (27, 0.23776932069687853), (44, 0.0835059741454207), (50, 0.1068802038549463), (51, 0.041057444382983983)]","[(20, 0.2929625039795937), (27, 0.23776932069687853), (16, 0.12243993755556058), (50, 0.1068802038549463), (44, 0.0835059741454207), (12, 0.0807692307692307), (51, 0.04105744438298398)]",20
1053,1053,1053,Campaign Finance - Pre-Election Summary,"['A', 'summary', 'of', 'data', 'reported', 'to', 'the', ""Clerk's"", 'office', 'within', 'the', 'last', '30', 'days', 'broken', 'into', 'transaction', 'type', 'and', 'report', 'type', 'with', 'a', 'transaction', 'total', 'for', 'each', 'type', 'of', 'record', '(expenditure', 'contribution', 'loan)', 'reported', 'The', 'most', 'recently', 'reported', 'items', 'are', 'at', 'the', 'top', 'of', 'the', 'dataset']",,"['date_from', 'report_id', 'total_amount', 'number_reported', 'date_reported', 'reported_by', 'view_report', 'date_to']","['Date From', 'Report_ID', 'Total Amount', 'Number Reported', 'Date Reported', 'Reported By', 'View Report', 'Date To']",dataset,['politics'],Financial,[],official,172.0,67.0,8.0,766.0,9.5830827675,data.austintexas.gov,"['politics', 'financial']","['politics', 'financial', 'A', 'summary', 'of', 'data', 'reported', 'to', 'the', ""Clerk's"", 'office', 'within', 'the', 'last', '30', 'days', 'broken', 'into', 'transaction', 'type', 'and', 'report', 'type', 'with', 'a', 'transaction', 'total', 'for', 'each', 'type', 'of', 'record', '(expenditure', 'contribution', 'loan)', 'reported', 'The', 'most', 'recently', 'reported', 'items', 'are', 'at', 'the', 'top', 'of', 'the', 'dataset']","[(5, 0.037749287749287715), (20, 0.32196330500974346), (26, 0.31135573645755782), (31, 0.03533988833288676), (32, 0.060361164345013388), (33, 0.16314306781179475), (37, 0.038036268242433439)]","[(20, 0.32196330500974346), (26, 0.3113557364575578), (33, 0.16314306781179475), (32, 0.06036116434501339), (37, 0.03803626824243344), (5, 0.037749287749287715), (31, 0.03533988833288676)]",20
9285,9454,9454,DNR Passport Perks Providers,"['Passport', 'Perks', 'is', 'a', 'statewide', 'shopping', 'discount', 'program', 'for', 'Recreation', 'Passport', 'holders', 'who', 'purchase', 'a', 'Recreation', 'Passport', 'for', 'their', 'vehicle', 'This', 'is', 'a', 'list', 'of', 'the', 'Passport', 'Perks', 'Providers']",Michigan Department of Natural Resources,"['location_1', 'name', 'phone', 'category', 'websiteurl', 'discount']","['Location 1', 'name', 'phone', 'category', 'websiteUrl', 'discount']",dataset,[],Recreation,['dnr'],official,272.0,1.0,1.0,702.0,9.45738087907,data.michigan.gov,"['dnr', 'recreation']","['dnr', 'recreation', 'Passport', 'Perks', 'is', 'a', 'statewide', 'shopping', 'discount', 'program', 'for', 'Recreation', 'Passport', 'holders', 'who', 'purchase', 'a', 'Recreation', 'Passport', 'for', 'their', 'vehicle', 'This', 'is', 'a', 'list', 'of', 'the', 'Passport', 'Perks', 'Providers']","[(0, 0.050961538461538412), (3, 0.051762470259069028), (9, 0.15096153846153831), (10, 0.050961538461538412), (20, 0.39626454091382984), (35, 0.050961538461538398), (39, 0.050961538461538398), (43, 0.050961538461538412), (48, 0.10485760421171601)]","[(20, 0.39626454091382984), (9, 0.1509615384615383), (48, 0.10485760421171601), (3, 0.05176247025906903), (0, 0.05096153846153841), (10, 0.05096153846153841), (43, 0.05096153846153841), (35, 0.0509615384615384), (39, 0.0509615384615384)]",20
7143,7312,7312,Master Electrician Certificate Requirements,"['Contractor', 'licensing', 'requirements', 'for', 'a', 'master', 'electrician']",,[],[],file,[],Forms and Applications,['master electrician contractor licensing'],official,566.0,41.0,12.0,384.0,8.58871463558,data.kcmo.org,"['master', 'electrician', 'contractor', 'licensing', 'forms', 'and', 'applications']","['master', 'electrician', 'contractor', 'licensing', 'forms', 'and', 'applications', 'Contractor', 'licensing', 'requirements', 'for', 'a', 'master', 'electrician']","[(19, 0.084935897435897384), (20, 0.16826923076923067), (27, 0.084935897434361293), (35, 0.16826923076923067), (38, 0.16826923076923067), (42, 0.084935897435897384), (43, 0.16826923076923067)]","[(20, 0.16826923076923067), (35, 0.16826923076923067), (38, 0.16826923076923067), (43, 0.16826923076923067), (19, 0.08493589743589738), (42, 0.08493589743589738), (27, 0.0849358974343613)]",20
15723,15892,15892,L&I Public Notes For Affidavit,"['Public', 'Notes', 'For', 'Affidavit']",L & I,"['notes', 'notesenteredon', 'id']","['Notes', 'NotesEnteredOn', 'ID']",dataset,[],Labor,"['contractor', 'affidavit', 'notes']",official,1040.0,5.0,3.0,374.0,8.55074678538,data.wa.gov,"['contractor', 'affidavit', 'notes', 'labor']","['contractor', 'affidavit', 'notes', 'labor', 'Public', 'Notes', 'For', 'Affidavit']","[(16, 0.1274038461538462), (20, 0.25240384615384626), (35, 0.25240384615384626), (51, 0.25240384615384626)]","[(20, 0.25240384615384626), (35, 0.25240384615384626), (51, 0.25240384615384626), (16, 0.1274038461538462)]",20
9298,9467,9467,MIDepartments,"['Michigan', 'Departments']",Michigan Department of Technology Management and Budget,"['mission', 'id', 'name']","['mission', 'id', 'name']",dataset,[],,"['department', 'dept', 'government']",official,209.0,2.0,1.0,358.0,8.48784003382,data.michigan.gov,"['department', 'dept', 'government']","['department', 'dept', 'government', 'Michigan', 'Departments']","[(20, 0.33653846153846162), (31, 0.16987179487179491), (43, 0.33653846153846162)]","[(20, 0.3365384615384616), (43, 0.3365384615384616), (31, 0.1698717948717949)]",20
20764,20933,20933,BB FY15 APPR Charges To Other Dept,"['BB', 'FY15', 'Approved', 'Charges', 'To', 'Other', 'Dept']",,"['charged_fund', 'fromfundname', 'fy15_total', 'fy15_ftes', 'pubyear', 'charged_department', 'fromdeptname', 'fy14_ftes', 'fy14_total', 'fromdept', 'version']","['Charged Fund', 'FromFundName', 'FY15 Total$', 'FY15 FTEs', 'PubYear', 'Charged Department', 'FromDeptName', 'FY14 FTEs', 'FY14 Total$', 'FromDept', 'Version']",dataset,[],FY15 Approved,"['charges to other dept', 'approved', 'bb fy15']",official,11.0,18.0,0.0,358.0,8.48784003382,reports.data.montgomerycountymd.gov,"['charges', 'to', 'other', 'dept', 'approved', 'bb', 'fy15', 'fy15', 'approved']","['charges', 'to', 'other', 'dept', 'approved', 'bb', 'fy15', 'fy15', 'approved', 'BB', 'FY15', 'Approved', 'Charges', 'To', 'Other', 'Dept']","[(16, 0.15532544378698196), (20, 0.61686390532544266), (48, 0.15532544378698196)]","[(20, 0.6168639053254427), (16, 0.15532544378698196), (48, 0.15532544378698196)]",20
16590,16759,16759,2015 - August Primary Results,"['Null', 'dataset']",,"['cast', 'nameonballot', 'percent', 'votes', 'contname', 'registered', 'party']","['Cast', 'NameOnBallot', 'Percent', 'Votes', 'ContName', 'Registered', 'Party']",dataset,[],Government,[],official,71.0,0.0,0.0,358.0,8.48784003382,electionsdata.kingcounty.gov,['government'],"['government', 'Null', 'dataset']","[(20, 0.33974358974358998), (31, 0.33974358974358998)]","[(20, 0.33974358974359), (31, 0.33974358974359)]",20
4361,4361,4361,Aid to the Blind Payments by the Department of Social Services,"['CT', 'Aid', 'to', 'the', 'Blind']",CT Department of Social Services,"['ab_boarding_homes_dds_c_c', 'ab_boarding_homes_other_c_c', 'ab_overall_cost_per_case', 'ab_other_living_arrangements_c_c', 'ab_total_paid_cases', 'ab_total_maintenance_payments', 'ab_boarding_homes_other_cases', 'ab_boarding_homes_dds_cases', 'ab_other_living_arrangements_cases', 'ab_total_boarding_homes_c_c', 'ab_total_boarding_homes_payments', 'ab_boarding_homes_dds_payments', 'ab_total_boarding_homes_cases', 'ab_boarding_homes_other_payments', 'ab_other_living_arrangements_payments', 'date']","['AB Boarding Homes - DDS - c/c', 'AB Boarding Homes - Other - c/c', 'AB Overall Cost per Case', 'AB Other Living Arrangements - c/c', 'AB Total Paid Cases', 'AB Total Maintenance Payments', 'AB Boarding Homes - Other - cases', 'AB Boarding Homes - DDS - cases', 'AB Other Living Arrangements - cases', 'AB Total Boarding Homes - c/c', 'AB Total Boarding Homes - Payments', 'AB Boarding Homes - DDS Payments', 'AB Total Boarding Homes - cases', 'AB Boarding Homes - Other Payments', 'AB Other Living Arrangements Payments', 'Date']",dataset,['social services'],Health and Human Services,"['ab', 'aid to the blind']",official,598.0,1.0,1.0,329.0,8.36632221425,data.ct.gov,"['ab', 'aid', 'to', 'the', 'blind', 'social', 'services', 'health', 'and', 'human', 'services']","['ab', 'aid', 'to', 'the', 'blind', 'social', 'services', 'health', 'and', 'human', 'services', 'CT', 'Aid', 'to', 'the', 'Blind']","[(2, 0.084935897435897384), (17, 0.16826923076923067), (20, 0.1682692307692307), (21, 0.086297818769378254), (37, 0.084935897435897384), (39, 0.1669073094357498), (50, 0.16826923076923067)]","[(20, 0.1682692307692307), (17, 0.16826923076923067), (50, 0.16826923076923067), (39, 0.1669073094357498), (21, 0.08629781876937825), (2, 0.08493589743589738), (37, 0.08493589743589738)]",20
20768,20937,20937,BB FY15 APPR Budget Summary,"['BB', 'FY15', 'Approved', 'Budget', 'Summary']",,"['approved_fy15', 'department', 'pubyear', 'version', 'budget_fy14', 'type', 'fundname', 'departmentname', 'chg_bud_rec', 'sortorder', 'estimated_fy14', 'actual_fy13', 'description']","['Approved FY15', 'Department', 'PubYear', 'Version', 'Budget FY14', 'Type', 'FundName', 'DepartmentName', '% Chg Bud/Rec', 'SortOrder', 'Estimated FY14', 'Actual FY13', 'Description']",dataset,['finance'],FY15 Approved,"['budget summary', 'bb fy15 approved']",official,26.0,3.0,0.0,316.0,8.30833903014,reports.data.montgomerycountymd.gov,"['budget', 'summary', 'bb', 'fy15', 'approved', 'finance', 'fy15', 'approved']","['budget', 'summary', 'bb', 'fy15', 'approved', 'finance', 'fy15', 'approved', 'BB', 'FY15', 'Approved', 'Budget', 'Summary']","[(15, 0.29385770377180193), (16, 0.14806084595488483), (20, 0.32309533197159046), (33, 0.16905205236765522)]","[(20, 0.32309533197159046), (15, 0.2938577037718019), (33, 0.16905205236765522), (16, 0.14806084595488483)]",20
5941,6110,6110,IDPH Illinois STD Clinics,"['STD', '(sexually', 'transmitted', 'disease)', 'clinics', 'in', 'Illinois', 'that', 'utilize', 'the', 'Illinois', 'Department', 'of', 'Public', 'Health', '(IDPH)', 'laboratories', 'for', 'testing']",Illinois Department of Public Health STD Program,"['phone', 'hours', 'county', 'clinicname']","['City', 'Days/Hours', 'County', 'ClinicName & Location']",dataset,[],,"['clinic', 'std', 'std clinic']",official,592.0,14.0,3.0,313.0,8.29462074889,data.illinois.gov,"['clinic', 'std', 'std', 'clinic']","['clinic', 'std', 'std', 'clinic', 'STD', '(sexually', 'transmitted', 'disease)', 'clinics', 'in', 'Illinois', 'that', 'utilize', 'the', 'Illinois', 'Department', 'of', 'Public', 'Health', '(IDPH)', 'laboratories', 'for', 'testing']","[(2, 0.057017922409688324), (10, 0.054628672324353554), (20, 0.2259106767155778), (26, 0.18333838983995948), (32, 0.053643724696356233), (33, 0.10627530364372462), (39, 0.16398438616120767), (48, 0.110666511253666)]","[(20, 0.2259106767155778), (26, 0.18333838983995948), (39, 0.16398438616120767), (48, 0.110666511253666), (33, 0.10627530364372462), (2, 0.057017922409688324), (10, 0.054628672324353554), (32, 0.05364372469635623)]",20
16596,16765,16765,2015 Primary - Legislative District 30,"['Null', 'dataset']",,"['contname', 'nameonballot', 'party', 'votes', 'percent']","['ContName', 'NameOnBallot', 'Party', 'Votes', 'Percent']",chart,[],Government,[],official,103.0,7.0,0.0,293.0,8.19967234484,electionsdata.kingcounty.gov,['government'],"['government', 'Null', 'dataset']","[(20, 0.33974358974358992), (31, 0.33974358974358365)]","[(20, 0.3397435897435899), (31, 0.33974358974358365)]",20
4392,4392,4392,Pari-mutuel Grants To Municipalities,"['In', 'accordance', 'with', 'the', 'provisions', 'of', 'CGS', 'Section12', '575(m)', 'grants', 'to', 'municipalities', 'are', 'paid', 'to', 'towns', 'which', 'host', 'Off', 'Track', 'Betting', 'and', 'Pari', 'mutuel', 'operations']",CT Dept of Consumer Protection,"['otb_branches_telephone_betting', 'otb_teletheaters', 'total_parimutuel', 'fiscal_year', 'total_otb', 'pari_mutuel_jai_alai', 'pari_mutuel_greyhound_racing', 'total_municipal_payments_from_otb_pari_mutuel_wagering']","['OTB Branches & Telephone Betting', 'OTB Teletheaters', 'Total Parimutuel', 'Fiscal Year', 'Total OTB', 'Pari-mutuel Jai Alai', 'Pari-mutuel Greyhound Racing', 'Total Municipal Payments from OTB & Pari-mutuel Wagering']",dataset,[],Government,"['teletheater', 'otb', 'pari-mutuel']",official,600.0,2.0,2.0,282.0,8.14465824283,data.ct.gov,"['teletheater', 'otb', 'pari-mutuel', 'government']","['teletheater', 'otb', 'pari-mutuel', 'government', 'In', 'accordance', 'with', 'the', 'provisions', 'of', 'CGS', 'Section12', '575(m)', 'grants', 'to', 'municipalities', 'are', 'paid', 'to', 'towns', 'which', 'host', 'Off', 'Track', 'Betting', 'and', 'Pari', 'mutuel', 'operations']","[(0, 0.050961538461538412), (6, 0.054421206003577187), (16, 0.093258427027682889), (20, 0.15096153846153831), (22, 0.10096153846153837), (25, 0.12903549650638596), (28, 0.050961538461538412), (29, 0.11942791287465193), (32, 0.050961538461538412), (38, 0.050961538461538426), (49, 0.10866464989539383)]","[(20, 0.1509615384615383), (25, 0.12903549650638596), (29, 0.11942791287465193), (49, 0.10866464989539383), (22, 0.10096153846153837), (16, 0.09325842702768289), (6, 0.05442120600357719), (38, 0.050961538461538426), (0, 0.05096153846153841), (28, 0.05096153846153841), (32, 0.05096153846153841)]",20
20782,20951,20951,BB FY15 REC Program Descriptions,"['FY15', 'CE', 'Recommended', 'Budget', 'Book', 'Program', 'Descriptions']",,"['actual_fy13', 'actual_fy12', 'program_performance_measures', 'target_fy15', 'target_fy16', 'department', 'program', 'estimated_fy14']","['Actual FY13', 'Actual FY12', 'Program Performance Measures', 'Target FY15', 'Target FY16', 'Department', 'Program', 'Estimated FY14']",dataset,['finance'],FY15 Recommended,"['budget book', 'ce recommended', 'fy!5']",official,23.0,3.0,0.0,251.0,7.9772799235,reports.data.montgomerycountymd.gov,"['budget', 'book', 'ce', 'recommended', 'fy!5', 'finance', 'fy15', 'recommended']","['budget', 'book', 'ce', 'recommended', 'fy!5', 'finance', 'fy15', 'recommended', 'FY15', 'CE', 'Recommended', 'Budget', 'Book', 'Program', 'Descriptions']","[(10, 0.063701923076922989), (15, 0.19504597439347479), (20, 0.29760219562550366), (21, 0.25120192307692274), (44, 0.13595759921178999)]","[(20, 0.29760219562550366), (21, 0.25120192307692274), (15, 0.1950459743934748), (44, 0.13595759921179), (10, 0.06370192307692299)]",20
3900,3900,3900,2009 Health Disparities Report and Data,"['Racial', 'and', 'Ethnic', 'Health', 'Disparities', 'in', 'Colorado', '2009']",Colorado Department of Public Health & Environment,"['women_40_who_have_not_had_a_mammogram_in_last_2_years', 'race_ethnicity', 'women_who_have_not_had_a_pap_test_in_last_3_years', 'tuberculosis_incidence_rates_per_100_000_population', 'gonorrhea_incidence_rates_per_100_000_population', 'no_physical_activity', 'binge_drinking_5_or_more_drinks_in_one_sitting', 'cigarette_smoking', 'low_birth_weight_births', 'overweight_bmi_25', 'obese_bmi_30', 'eat_fewer_than_5_fruits_and_vegetables_per_day', 'median_household_income', 'have_asthma', 'percent_of_population_living_below_poverty', 'high_school_graduation_rate', 'chronic_hepatitis_b_incidence_rates_per_100_000_population', 'hiv_aids_incidence_rates_per_100_000_population', 'no_health_insurance', 'mental_health_was_not_good_8_or_more_days_in_the_past_30_days', 'unintended_pregnancy', 'births_to_teens_ages_15_17_births_per_1_000_population_2006', 'women_reporting_3_or_more_stressors_during_pregnancy', 'women_who_drank_during_last_three_months_of_pregnancy', 'women_who_smoked_during_last_three_months_of_pregnancy', 'childhood_obesity_ages_2_14', 'infant_mortality_infant_deaths_per_1_000_live_births', 'have_high_blood_pressure', 'have_diabetes']","['Women 40+ who have not had a mammogram in last 2 years', 'Race & Ethnicity', 'Women who have not had a pap test in last 3 years', 'Tuberculosis (Incidence rates per 100,000 population)', 'Gonorrhea (Incidence rates per 100,000 population)', 'No physical activity', 'Binge drinking (5 or more drinks in one sitting)', 'Cigarette smoking', 'Low birth weight births', 'Overweight (BMI>=25)', 'Obese (BMI>=30)', 'Eat fewer than 5 fruits and vegetables per day', 'Median household income', 'Have asthma', 'Percent of population living below poverty', 'High school graduation rate', 'Chronic Hepatitis B  (Incidence rates per 100,000 population)', 'HIV/AIDS (Incidence rates per 100,000 population)', 'No health insurance', 'Mental health was not good 8 or more days (in the past 30 days)', 'Unintended pregnancy', 'Births to teens ages 15-17 (births per 1,000 population, 2006)', 'Women reporting 3 or more stressors during pregnancy', 'Women who drank during last three months of pregnancy', 'Women who smoked during last three months of pregnancy', 'Childhood obesity (ages 2-14)', 'Infant mortality (infant deaths per 1,000 live births)', 'Have high blood pressure', 'Have diabetes']",dataset,[],Health,"['2009', 'african american', 'american indian', 'asian', 'colorado department of health and environment', 'ethical', 'health disparities', 'hispanic', 'latino', 'native american', 'pacific islanders', 'racial']",official,1864.0,1.0,0.0,246.0,7.94836723158,data.colorado.gov,"['2009', 'african', 'american', 'american', 'indian', 'asian', 'colorado', 'department', 'of', 'health', 'and', 'environment', 'ethical', 'health', 'disparities', 'hispanic', 'latino', 'native', 'american', 'pacific', 'islanders', 'racial', 'health']","['2009', 'african', 'american', 'american', 'indian', 'asian', 'colorado', 'department', 'of', 'health', 'and', 'environment', 'ethical', 'health', 'disparities', 'hispanic', 'latino', 'native', 'american', 'pacific', 'islanders', 'racial', 'health', 'Racial', 'and', 'Ethnic', 'Health', 'Disparities', 'in', 'Colorado', '2009']","[(2, 0.20368872686095876), (8, 0.11612426035502944), (11, 0.039201183431952606), (20, 0.28073820261225585), (21, 0.08200787257299097), (25, 0.083978557023287242), (26, 0.084054096551808136), (29, 0.039201183431952613), (33, 0.039201183431952613)]","[(20, 0.28073820261225585), (2, 0.20368872686095876), (8, 0.11612426035502944), (26, 0.08405409655180814), (25, 0.08397855702328724), (21, 0.08200787257299097), (29, 0.03920118343195261), (33, 0.03920118343195261), (11, 0.039201183431952606)]",20
322,322,322,HIOSH Health Inspectors Chart,"['Displays', 'the', 'number', 'of', '9', 'positions', 'that', 'are', 'filled', 'which', 'is', 'required', 'by', 'federal', 'law']",DLIR,"['health', 'month_year']","['Health ', 'Month/Year']",chart,[],,"['working conditions', 'safety and health', 'inspectors', 'health branch', 'hiosh']",official,27.0,17.0,0.0,244.0,7.936637939,dashboard.hawaii.gov,"['working', 'conditions', 'safety', 'and', 'health', 'inspectors', 'health', 'branch', 'hiosh']","['working', 'conditions', 'safety', 'and', 'health', 'inspectors', 'health', 'branch', 'hiosh', 'Displays', 'the', 'number', 'of', '9', 'positions', 'that', 'are', 'filled', 'which', 'is', 'required', 'by', 'federal', 'law']","[(2, 0.16608954412019031), (20, 0.1975598419500732), (26, 0.079901417651360801), (29, 0.19584579516597331), (33, 0.063701923076923031), (42, 0.17084670938523241), (50, 0.071968230188707835)]","[(20, 0.1975598419500732), (29, 0.1958457951659733), (42, 0.17084670938523241), (2, 0.1660895441201903), (26, 0.0799014176513608), (50, 0.07196823018870784), (33, 0.06370192307692303)]",20
20785,20954,20954,BB FY15 REC Charges To Other Dept,"['FY15', 'CE', 'Recommended', 'Budget', 'Book', 'Charges', 'To', 'Other', 'Dept']",,"['fy14_total', 'charged_fund', 'charged_department', 'fromfundname', 'fromdeptname', 'fy15_ftes', 'fy15_total', 'fy14_ftes']","['FY14 Total$', 'Charged Fund', 'Charged Department', 'FromFundName', 'FromDeptName', 'FY15 FTEs', 'FY15 Total$', 'FY14 FTEs']",dataset,['finance'],FY15 Recommended,"['charges to other dept', 'budget book', 'ce recommended', 'fy15']",official,12.0,7.0,0.0,242.0,7.92481250361,reports.data.montgomerycountymd.gov,"['charges', 'to', 'other', 'dept', 'budget', 'book', 'ce', 'recommended', 'fy15', 'finance', 'fy15', 'recommended']","['charges', 'to', 'other', 'dept', 'budget', 'book', 'ce', 'recommended', 'fy15', 'finance', 'fy15', 'recommended', 'FY15', 'CE', 'Recommended', 'Budget', 'Book', 'Charges', 'To', 'Other', 'Dept']","[(15, 0.1677350427350425), (20, 0.38995726495726435), (21, 0.1677350427350425), (44, 0.11217948717948702), (48, 0.11217948717948702)]","[(20, 0.38995726495726435), (15, 0.1677350427350425), (21, 0.1677350427350425), (44, 0.11217948717948702), (48, 0.11217948717948702)]",20
9779,9948,9948,spendingMontgomery Glossary,"['County', 'spending', 'glossary', '(definitions', 'of', 'financial', 'terms)', 'on', 'dataMontgomery', 'These', 'definitions', 'appear', 'when', 'a', 'user', 'hovers', 'over', 'this', 'term', 'in', 'spendingMontgomery']",,"['type', 'term', 'description']","['Term Type', 'Term', 'Description']",dataset,[],Finance/Tax/Property,"['hover', 'spendingmontgomery']",official,629.0,1.0,0.0,229.0,7.84549005094,data.montgomerycountymd.gov,"['hover', 'spendingmontgomery', 'finance/tax/property']","['hover', 'spendingmontgomery', 'finance/tax/property', 'County', 'spending', 'glossary', '(definitions', 'of', 'financial', 'terms)', 'on', 'dataMontgomery', 'These', 'definitions', 'appear', 'when', 'a', 'user', 'hovers', 'over', 'this', 'term', 'in', 'spendingMontgomery']","[(4, 0.059954751131221652), (14, 0.068750350670747501), (17, 0.062081126887831448), (20, 0.23642533936651558), (23, 0.059954751131221652), (37, 0.059954751131221652), (39, 0.16667983465861527), (40, 0.17760180995475094), (48, 0.059954751131221652)]","[(20, 0.23642533936651558), (40, 0.17760180995475094), (39, 0.16667983465861527), (14, 0.0687503506707475), (17, 0.06208112688783145), (4, 0.05995475113122165), (23, 0.05995475113122165), (37, 0.05995475113122165), (48, 0.05995475113122165)]",20
20806,20975,20975,BB FY15 REC Each Program Rec Changes,"['FY15', 'CE', 'Recommended', 'Each', 'Program', 'Rec', 'Changes']",,"['program', 'revtitle', 'ftes', 'expenditures', 'department']","['Program', 'FY15 Recommended Changes', 'FTEs', 'Expenditures', 'Department']",dataset,[],FY15 Recommended,"['each program rec changes', 'ce rec', 'fy15']",official,19.0,1.0,0.0,207.0,7.70043971814,reports.data.montgomerycountymd.gov,"['each', 'program', 'rec', 'changes', 'ce', 'rec', 'fy15', 'fy15', 'recommended']","['each', 'program', 'rec', 'changes', 'ce', 'rec', 'fy15', 'fy15', 'recommended', 'FY15', 'CE', 'Recommended', 'Each', 'Program', 'Rec', 'Changes']","[(20, 0.66219770709538106), (21, 0.13461538461538441), (32, 0.14036639546872018)]","[(20, 0.6621977070953811), (32, 0.14036639546872018), (21, 0.13461538461538441)]",20
20811,20980,20980,BB FY15 APPR Budget Summary Footer,"['BB', 'FY15', 'Approved', 'Budget', 'Summary', 'Footer']",,"['pubyear', 'version', 'actual_fy13', 'budget_fy14', 'type', 'description', 'chg_bud_rec', 'sortorder', 'estimted_fy14', 'approved_fy15', 'bold', 'department', 'departmentname']","['PubYear', 'Version', 'Actual FY13', 'Budget FY14', 'Type', 'Description', '% Chg Bud/Rec', 'SortOrder', 'Estimted FY14', 'Approved FY15', 'Bold', 'Department', 'DepartmentName']",dataset,['finance'],FY15 Approved,"['budget summary', 'bb fy15 approved']",official,10.0,3.0,0.0,204.0,7.67948009951,reports.data.montgomerycountymd.gov,"['budget', 'summary', 'bb', 'fy15', 'approved', 'finance', 'fy15', 'approved']","['budget', 'summary', 'bb', 'fy15', 'approved', 'finance', 'fy15', 'approved', 'BB', 'FY15', 'Approved', 'Budget', 'Summary', 'Footer']","[(15, 0.254930349361428), (16, 0.1383168174337859), (20, 0.38600616790627318), (33, 0.15920820376004979)]","[(20, 0.3860061679062732), (15, 0.254930349361428), (33, 0.1592082037600498), (16, 0.1383168174337859)]",20
20817,20986,20986,BB FY15 REC Each Program Rec Changes NDA,"['BB', 'FY15', 'Recommended', 'Each', 'Program', 'Rec', 'Changes', 'NDA', 'Only']",,"['programcode', 'revtitle', 'sortorder', 'ftes', 'department', 'program', 'expenditures']","['ProgramCode', 'RevTitle', 'SortOrder', 'FTEs', 'Department', 'Program', 'Expenditures']",dataset,[],FY15 Recommended,"['nda', 'each program rec changes', 'bb fy15 recommended']",official,19.0,0.0,0.0,199.0,7.64385618977,reports.data.montgomerycountymd.gov,"['nda', 'each', 'program', 'rec', 'changes', 'bb', 'fy15', 'recommended', 'fy15', 'recommended']","['nda', 'each', 'program', 'rec', 'changes', 'bb', 'fy15', 'recommended', 'fy15', 'recommended', 'BB', 'FY15', 'Recommended', 'Each', 'Program', 'Rec', 'Changes', 'NDA', 'Only']","[(16, 0.12591747020091645), (20, 0.39359851229276194), (21, 0.17760180995475089), (32, 0.12562363237937924), (51, 0.12409115435771072)]","[(20, 0.39359851229276194), (21, 0.1776018099547509), (16, 0.12591747020091645), (32, 0.12562363237937924), (51, 0.12409115435771072)]",20
4464,4464,4464,Incoming Calls for Driver Services Division at DMV,"['Number', 'of', 'Incoming', 'Calls', 'for', 'Driver', 'Services', 'from', 'Jan', 'to', 'Aug', '2014']",Department of Motor Vehicles,"['incoming_calls', 'month']","['Incoming Calls', 'Month ']",dataset,[],Transportation,['dmv'],official,670.0,1.0,0.0,191.0,7.58496250072,data.ct.gov,"['dmv', 'transportation']","['dmv', 'transportation', 'Number', 'of', 'Incoming', 'Calls', 'for', 'Driver', 'Services', 'from', 'Jan', 'to', 'Aug', '2014']","[(2, 0.15148011658589883), (3, 0.10767843254860243), (20, 0.325858151431975), (21, 0.12572088118961197), (22, 0.10192307692307669), (39, 0.098877802859294595)]","[(20, 0.325858151431975), (2, 0.15148011658589883), (21, 0.12572088118961197), (3, 0.10767843254860243), (22, 0.10192307692307669), (39, 0.0988778028592946)]",20
20838,21007,21007,FY15 APPR Each Program Appr Changes,"['FY15', 'APPR', 'Each', 'Program', 'Approved', 'Changes']",,"['expenditures', 'fy15_approved_changes', 'ftes', 'department', 'program']","['Expenditures', 'FY15 Approved Changes', 'FTEs', 'Department', 'Program']",dataset,['finance'],FY15 Approved,['fy15 appr each program approved changes'],official,16.0,3.0,1.0,186.0,7.54689445989,reports.data.montgomerycountymd.gov,"['fy15', 'appr', 'each', 'program', 'approved', 'changes', 'finance', 'fy15', 'approved']","['fy15', 'appr', 'each', 'program', 'approved', 'changes', 'finance', 'fy15', 'approved', 'FY15', 'APPR', 'Each', 'Program', 'Approved', 'Changes']","[(7, 0.144230769230769), (20, 0.55610277304946276), (32, 0.15225836976242835), (40, 0.081474022023272336)]","[(20, 0.5561027730494628), (32, 0.15225836976242835), (7, 0.144230769230769), (40, 0.08147402202327234)]",20
20846,21015,21015,BB FY15 REC Budget Summary,"['FY15', 'CE', 'Recommended', 'Budget', 'Book', 'Budget', 'Summary']",,"['bold', 'sortorder', 'department', 'actual_fy13', 'type', 'pubyear', 'version', 'departmentname', 'fundname', 'description', 'estimated_fy14', 'recommended_fy15', 'budget_fy14', 'chg_bud_rec']","['Bold', 'SortOrder', 'Department', 'Actual FY13', 'Type', 'PubYear', 'Version', 'DepartmentName', 'FundName', 'Description', 'Estimated FY14', 'Recommended FY15', 'Budget FY14', '% Chg Bud/Rec']",dataset,['finance'],FY15 Recommended,"['budget summary', 'budget book', 'ce recommended', 'fy15']",official,21.0,1.0,1.0,179.0,7.49185309633,reports.data.montgomerycountymd.gov,"['budget', 'summary', 'budget', 'book', 'ce', 'recommended', 'fy15', 'finance', 'fy15', 'recommended']","['budget', 'summary', 'budget', 'book', 'ce', 'recommended', 'fy15', 'finance', 'fy15', 'recommended', 'FY15', 'CE', 'Recommended', 'Budget', 'Book', 'Budget', 'Summary']","[(15, 0.25993169768160523), (20, 0.27884615384615347), (21, 0.1677350427350425), (33, 0.13109394334403526), (44, 0.11217948717948702)]","[(20, 0.27884615384615347), (15, 0.25993169768160523), (21, 0.1677350427350425), (33, 0.13109394334403526), (44, 0.11217948717948702)]",20
9484,9653,9653,Military Sexual Trauma,"['A', 'collection', 'of', 'national', 'resources', 'on', 'Military', 'Sexual', 'Trauma', 'for', 'service', 'members', 'Veterans', 'and', 'their', 'families']",,[],[],file,[],Health,"['military sexual trauma', 'mst', 'suicide prevention', 'mental illness', 'mental health', 'behavioral health', 'family', 'veteran', 'military', 'service member']",official,12335.0,0.0,0.0,158.0,7.31288295528,data.mo.gov,"['military', 'sexual', 'trauma', 'mst', 'suicide', 'prevention', 'mental', 'illness', 'mental', 'health', 'behavioral', 'health', 'family', 'veteran', 'military', 'service', 'member', 'health']","['military', 'sexual', 'trauma', 'mst', 'suicide', 'prevention', 'mental', 'illness', 'mental', 'health', 'behavioral', 'health', 'family', 'veteran', 'military', 'service', 'member', 'health', 'A', 'collection', 'of', 'national', 'resources', 'on', 'Military', 'Sexual', 'Trauma', 'for', 'service', 'members', 'Veterans', 'and', 'their', 'families']","[(1, 0.046416213312362391), (2, 0.10411140583554369), (12, 0.035145888594164433), (14, 0.03592925024871875), (20, 0.13859416445623332), (21, 0.038304506319402576), (26, 0.11329453960080345), (30, 0.035145888594164433), (35, 0.035145888594164433), (39, 0.11259079915952033), (41, 0.068002364204939714), (46, 0.10411140583554372), (48, 0.10734561627892088)]","[(20, 0.13859416445623332), (26, 0.11329453960080345), (39, 0.11259079915952033), (48, 0.10734561627892088), (46, 0.10411140583554372), (2, 0.1041114058355437), (41, 0.06800236420493971), (1, 0.04641621331236239), (21, 0.038304506319402576), (14, 0.03592925024871875), (12, 0.03514588859416443), (30, 0.03514588859416443), (35, 0.03514588859416443)]",20
416,416,416,HIOSH Health Staffing Benchmark,"['Displays', 'the', 'number', 'of', '9', 'positions', 'that', 'are', 'filled', 'which', 'is', 'required', 'by', 'federal', 'law']",DLIR,"['month_year', 'health']","['Month/Year', 'Health ']",dataset,[],,"['working conditions', 'safety and health', 'inspectors', 'health branch', 'hiosh']",official,19.0,0.0,0.0,153.0,7.26678654069,dashboard.hawaii.gov,"['working', 'conditions', 'safety', 'and', 'health', 'inspectors', 'health', 'branch', 'hiosh']","['working', 'conditions', 'safety', 'and', 'health', 'inspectors', 'health', 'branch', 'hiosh', 'Displays', 'the', 'number', 'of', '9', 'positions', 'that', 'are', 'filled', 'which', 'is', 'required', 'by', 'federal', 'law']","[(2, 0.16605872538137634), (20, 0.19755524655198839), (26, 0.080049023592542887), (29, 0.19587662127995351), (33, 0.063701923076923017), (42, 0.17071003259797332), (50, 0.071961889057703232)]","[(20, 0.1975552465519884), (29, 0.1958766212799535), (42, 0.17071003259797332), (2, 0.16605872538137634), (26, 0.08004902359254289), (50, 0.07196188905770323), (33, 0.06370192307692302)]",20
9493,9662,9662,Military Sexual Trauma For Providers,"['A', 'collection', 'of', 'national', 'resources', 'for', 'clinicians', 'working', 'with', 'military', 'clients', 'living', 'with', 'Military', 'Sexual', 'Trauma']",,[],[],file,[],Health,"['military sexual trauma', 'mst', 'provider', 'clinician', 'mental illness', 'mental health', 'behavioral health', 'family', 'veteran', 'military', 'service member']",official,11235.0,0.0,0.0,123.0,6.95419631039,data.mo.gov,"['military', 'sexual', 'trauma', 'mst', 'provider', 'clinician', 'mental', 'illness', 'mental', 'health', 'behavioral', 'health', 'family', 'veteran', 'military', 'service', 'member', 'health']","['military', 'sexual', 'trauma', 'mst', 'provider', 'clinician', 'mental', 'illness', 'mental', 'health', 'behavioral', 'health', 'family', 'veteran', 'military', 'service', 'member', 'health', 'A', 'collection', 'of', 'national', 'resources', 'for', 'clinicians', 'working', 'with', 'military', 'clients', 'living', 'with', 'Military', 'Sexual', 'Trauma']","[(2, 0.10064102564102559), (12, 0.033974358974358958), (20, 0.23368901859780722), (21, 0.038726083529533689), (26, 0.076136545699866998), (35, 0.033974358974358958), (39, 0.18267209953453892), (41, 0.028446243513431817), (46, 0.13397435897435891), (47, 0.041346854798406642), (48, 0.070137000480260531)]","[(20, 0.23368901859780722), (39, 0.18267209953453892), (46, 0.13397435897435891), (2, 0.10064102564102559), (26, 0.076136545699867), (48, 0.07013700048026053), (47, 0.04134685479840664), (21, 0.03872608352953369), (12, 0.03397435897435896), (35, 0.03397435897435896), (41, 0.028446243513431817)]",20
9859,10028,10028,Content Config Spending Mont,"['Content', 'for', 'spendingMontgomery', 'page']",,"['name', 'value']","['Name', 'Value']",dataset,[],Financial,[],official,681.0,0.0,0.0,114.0,6.84549005094,data.montgomerycountymd.gov,['financial'],"['financial', 'Content', 'for', 'spendingMontgomery', 'page']","[(20, 0.20384615384615395), (37, 0.20384615384615395), (41, 0.20384615384566224), (48, 0.20384615384615395)]","[(20, 0.20384615384615395), (37, 0.20384615384615395), (48, 0.20384615384615395), (41, 0.20384615384566224)]",20
4632,4632,4632,License2,"['Used', 'for', 'Occupation', '2c', 'item', '13']",Department of Labor and Industry,"['state_abv', 'location_1', 'zip', 'state_name', 'ext', 'city', 'area_type', 'license_url', 'area_name', 'licensing_authority_id', 'license_title', 'license_description', 'license_authority_l2', 'license_authorith_l3', 'license_authority', 'goe_code', 'phone', 'po_box', 'zip_ext', 'email', 'fax', 'contact_url', 'contact_name', 'state', 'address']","['State Abv.', 'Location 1', 'Zip', 'State Name', 'Ext.', 'City', 'Area Type', 'License URL', 'Area Name', 'Licensing Authority ID', 'License Title', 'License Description', 'License Authority L2', 'License Authorith L3', 'License Authority', 'Goe Code', 'Phone', 'Address 2', 'Zip Ext', 'Email', 'Fax', 'Contact URL', 'Contact Name', 'State', 'Address']",dataset,"['demographics', 'economy']",Employment,['occupation'],official,113.0,2.0,2.0,109.0,6.78135971352,data.datamontana.us,"['occupation', 'demographics', 'economy', 'employment']","['occupation', 'demographics', 'economy', 'employment', 'Used', 'for', 'Occupation', '2c', 'item', '13']","[(2, 0.10286623258277149), (9, 0.12362949391295491), (15, 0.11831409724508325), (16, 0.2192927403617542), (20, 0.22435897435897426), (45, 0.11324786324786319)]","[(20, 0.22435897435897426), (16, 0.2192927403617542), (9, 0.12362949391295491), (15, 0.11831409724508325), (45, 0.11324786324786319), (2, 0.10286623258277149)]",20
9499,9668,9668,About The Military Culture for Providers,"['Explains', 'common', 'stressors', 'of', 'the', 'military', 'deployment', 'cycle', 'some', 'common', 'military', 'jargon', 'and', 'some', 'back', 'ground', 'information', 'on', 'the', 'current', 'wars', 'in', 'Iraq', 'and', 'Afghanistan']",,[],[],file,[],Health,"['behavioral health', 'clinicians', 'providers', 'military culture']",official,11235.0,0.0,0.0,102.0,6.68650052718,data.mo.gov,"['behavioral', 'health', 'clinicians', 'providers', 'military', 'culture', 'health']","['behavioral', 'health', 'clinicians', 'providers', 'military', 'culture', 'health', 'Explains', 'common', 'stressors', 'of', 'the', 'military', 'deployment', 'cycle', 'some', 'common', 'military', 'jargon', 'and', 'some', 'back', 'ground', 'information', 'on', 'the', 'current', 'wars', 'in', 'Iraq', 'and', 'Afghanistan']","[(2, 0.091654687160488899), (5, 0.070792379765959479), (11, 0.042467948717948678), (13, 0.046500308322129549), (16, 0.047863159038872817), (20, 0.25080128205128177), (21, 0.053797885860280947), (30, 0.042467948717948678), (39, 0.13864035119494716), (42, 0.051190996992961195), (46, 0.13097048807461575)]","[(20, 0.25080128205128177), (39, 0.13864035119494716), (46, 0.13097048807461575), (2, 0.0916546871604889), (5, 0.07079237976595948), (21, 0.05379788586028095), (42, 0.051190996992961195), (16, 0.04786315903887282), (13, 0.04650030832212955), (11, 0.04246794871794868), (30, 0.04246794871794868)]",20
17337,17506,17506,"Percentage of persons aged 15 to 24 years old diagnosed with Chlamydia trachomatis infections (family planning and clinic patients), New Jersey, by year: Beginning 2010","['Ratio', 'Percent', 'of', 'newly', 'reported', 'chlamydia', 'infections', 'among', 'all', 'persons', 'aged', '15', '24', 'years', 'old', 'who', 'were', 'tested', 'in', 'family', 'planning', 'or', 'STD', 'clinic', 'locations', 'by', 'diagnosis', 'date', 'Definition', 'Count', 'of', 'positive', 'Chlamydia', 'trachomatis', 'cases', 'among', 'persons', 'age', '15', '24', 'years', 'who', 'were', 'screened', 'in', 'family', 'planning', 'and', 'STD', 'clinics', 'among', 'number', 'of', 'persons', 'aged', '15', '24', 'years', 'who', 'were', 'screened', 'for', 'Chlamydia', 'trachomatis', 'in', 'family', 'planning', 'and', 'STD', 'clinics', 'Data', 'Source', 'Division', 'of', 'HIV/AIDS', 'STD', 'and', 'TB', 'Services', 'New', 'Jersey', 'Department', 'of', 'Health']","Division of HIV/AIDS, STD and TB Services, New Jersey Department of Health","['year', 'rate_per_100_000_females', 'race']","['Year', 'Percent', 'Race']",chart,"['health', 'infrastructure', 'demographics']",,"['percent', 'case', 'transmission', 'infect', 'disease', 'girls', 'boys', 'women', 'men', 'transmit', 'sexually', 'std', 'diagnosis', 'diagnose', 'adult', 'young adult', 'teen', 'trachomatis', 'chlamydia']",official,8.0,17.0,1.0,97.0,6.61470984412,healthdata.nj.gov,"['percent', 'case', 'transmission', 'infect', 'disease', 'girls', 'boys', 'women', 'men', 'transmit', 'sexually', 'std', 'diagnosis', 'diagnose', 'adult', 'young', 'adult', 'teen', 'trachomatis', 'chlamydia', 'health', 'infrastructure', 'demographics']","['percent', 'case', 'transmission', 'infect', 'disease', 'girls', 'boys', 'women', 'men', 'transmit', 'sexually', 'std', 'diagnosis', 'diagnose', 'adult', 'young', 'adult', 'teen', 'trachomatis', 'chlamydia', 'health', 'infrastructure', 'demographics', 'Ratio', 'Percent', 'of', 'newly', 'reported', 'chlamydia', 'infections', 'among', 'all', 'persons', 'aged', '15', '24', 'years', 'old', 'who', 'were', 'tested', 'in', 'family', 'planning', 'or', 'STD', 'clinic', 'locations', 'by', 'diagnosis', 'date', 'Definition', 'Count', 'of', 'positive', 'Chlamydia', 'trachomatis', 'cases', 'among', 'persons', 'age', '15', '24', 'years', 'who', 'were', 'screened', 'in', 'family', 'planning', 'and', 'STD', 'clinics', 'among', 'number', 'of', 'persons', 'aged', '15', '24', 'years', 'who', 'were', 'screened', 'for', 'Chlamydia', 'trachomatis', 'in', 'family', 'planning', 'and', 'STD', 'clinics', 'Data', 'Source', 'Division', 'of', 'HIV/AIDS', 'STD', 'and', 'TB', 'Services', 'New', 'Jersey', 'Department', 'of', 'Health']","[(0, 0.014021594259053874), (2, 0.12682800266595312), (5, 0.01274038461538461), (8, 0.048943520829649298), (10, 0.013391549556149308), (14, 0.05330356734414568), (16, 0.013551089489691146), (17, 0.016459939967675474), (19, 0.12365706999014543), (20, 0.15415783024039012), (22, 0.01274038461538461), (26, 0.029817506598798348), (29, 0.032679058450671775), (31, 0.017121976573411486), (32, 0.01274038461538461), (38, 0.058394885069839621), (39, 0.10589194452104696), (49, 0.041356213807710838), (51, 0.10427040448182107)]","[(20, 0.15415783024039012), (2, 0.12682800266595312), (19, 0.12365706999014543), (39, 0.10589194452104696), (51, 0.10427040448182107), (38, 0.05839488506983962), (14, 0.05330356734414568), (8, 0.0489435208296493), (49, 0.04135621380771084), (29, 0.032679058450671775), (26, 0.02981750659879835), (31, 0.017121976573411486), (17, 0.016459939967675474), (0, 0.014021594259053874), (16, 0.013551089489691146), (10, 0.013391549556149308), (5, 0.01274038461538461), (22, 0.01274038461538461), (32, 0.01274038461538461)]",20
20514,20683,20683,HOT Team Engagement 2015_VIZ,"['Measure', 'A', 'data', 'for', 'HOT', 'Team', 'and', 'Project', 'WeHOPE', 'updates', 'based', 'on', 'new', 'contract', 'measures', 'for', 'FY2015', '17']",InnVision (LifeMoves) and Project WeHOPE,"['fiscal_year', 'date', 'transitioned_to_shelter_and_housing_cumulative', 'clients_sustained_increased_employment_incom', 'id', 'participate_in_case_mgt', 'engaged_in_outreach', 'measure_a_title', 'wehope_adults_served', 'percent_of_hot_list_in_shelter_and_housing', 'comments', 'percent_of_clients_connected_to_eligible_services', 'clients_increased_sustained_other_case_income', 'individuals_shelterd', 'department', 'transitioned_to_permanent_housing', 'program']","['Fiscal Year', 'Date', 'Transitioned to shelter and housing', 'Clients sustained/increased employment income', 'ID', 'Individuals Receiving Case Management Services', 'Individuals Receiving Case Management', 'Measure A title', 'WeHOPE Adults Served', 'Percent of HOT list in shelter and housing', 'Comments', 'Percent of clients connected to eligible services', 'Clients increased/sustained other cash income', 'Individuals shelterd', 'Department', 'Transitioned to permanent housing', 'Program']",chart,['finance'],Health & Human Services,"['wehope', 'lifemoves', 'innvision', 'measure a']",official,13.0,13.0,0.0,86.0,6.44294349585,performance.smcgov.org,"['wehope', 'lifemoves', 'innvision', 'measure', 'a', 'finance', 'health', '&', 'human', 'services']","['wehope', 'lifemoves', 'innvision', 'measure', 'a', 'finance', 'health', '&', 'human', 'services', 'Measure', 'A', 'data', 'for', 'HOT', 'Team', 'and', 'Project', 'WeHOPE', 'updates', 'based', 'on', 'new', 'contract', 'measures', 'for', 'FY2015', '17']","[(0, 0.053818529494969271), (2, 0.10096153846153834), (4, 0.14783692425000772), (10, 0.050961538461538392), (13, 0.050961538461538392), (17, 0.041402466734427025), (20, 0.15096153846153826), (33, 0.10540235788906015), (39, 0.05122695295230284), (43, 0.045230851114199506), (45, 0.10096153846153834), (48, 0.061812686795802117)]","[(20, 0.15096153846153826), (4, 0.14783692425000772), (33, 0.10540235788906015), (2, 0.10096153846153834), (45, 0.10096153846153834), (48, 0.06181268679580212), (0, 0.05381852949496927), (39, 0.05122695295230284), (10, 0.05096153846153839), (13, 0.05096153846153839), (43, 0.045230851114199506), (17, 0.041402466734427025)]",20
20524,20693,20693,Measure A HOT Team EPA- Shelter 2015,"['Measure', 'A', 'data', 'for', 'HOT', 'Team', 'and', 'Project', 'WeHOPE', 'updates', 'based', 'on', 'new', 'contract', 'measures', 'for', 'FY2015', '17']",InnVision (LifeMoves) and Project WeHOPE,"['measure_a_title', 'participate_in_case_mgt', 'clients_increased_sustained_other_case_income', 'id', 'comments', 'transitioned_to_shelter_and_housing_cumulative', 'clients_sustained_increased_employment_incom', 'department', 'engaged_in_outreach', 'percent_of_hot_list_in_shelter_and_housing', 'transitioned_to_permanent_housing', 'percent_of_clients_connected_to_eligible_services', 'wehope_adults_served', 'individuals_shelterd', 'fiscal_year', 'date', 'program']","['Measure A title', 'Individuals Receiving Case Management Services', 'Clients increased/sustained other cash income', 'ID', 'Comments', 'Transitioned to shelter and housing', 'Clients sustained/increased employment income', 'Department', 'Individuals Receiving Case Management', 'Percent of HOT list in shelter and housing', 'Transitioned to permanent housing', 'Percent of clients connected to eligible services', 'WeHOPE Adults Served', 'Individuals shelterd', 'Fiscal Year', 'Date', 'Program']",dataset,['finance'],Health & Human Services,"['wehope', 'lifemoves', 'innvision', 'measure a']",official,143.0,1.0,0.0,84.0,6.40939093614,performance.smcgov.org,"['wehope', 'lifemoves', 'innvision', 'measure', 'a', 'finance', 'health', '&', 'human', 'services']","['wehope', 'lifemoves', 'innvision', 'measure', 'a', 'finance', 'health', '&', 'human', 'services', 'Measure', 'A', 'data', 'for', 'HOT', 'Team', 'and', 'Project', 'WeHOPE', 'updates', 'based', 'on', 'new', 'contract', 'measures', 'for', 'FY2015', '17']","[(0, 0.053846613412435559), (2, 0.10096153846153835), (4, 0.14786087310974511), (10, 0.050961538461538405), (13, 0.050961538461538405), (17, 0.041542630762878972), (20, 0.15096153846153829), (33, 0.10542759119916159), (39, 0.051221688648066178), (43, 0.045187577421404244), (45, 0.10096153846153835), (48, 0.06164379467707698)]","[(20, 0.15096153846153829), (4, 0.1478608731097451), (33, 0.10542759119916159), (2, 0.10096153846153835), (45, 0.10096153846153835), (48, 0.06164379467707698), (0, 0.05384661341243556), (39, 0.05122168864806618), (10, 0.050961538461538405), (13, 0.050961538461538405), (43, 0.045187577421404244), (17, 0.04154263076287897)]",20
4640,4640,4640,License,"['for', 'Occupation', '2c', 'item', '13']",Department of Labor and Industry,"['license_url', 'state_abv', 'area_type', 'area_name', 'license_description', 'licensing_authority_id', 'license_authorith_l3', 'state_name', 'po_box', 'fax', 'email', 'ext', 'zip_ext', 'location_1', 'contact_name', 'phone', 'contact_url', 'license_title', 'goe_code', 'license_authority_l2', 'license_authority']","['License URL', 'State Abv.', 'Area Type', 'Area Name', 'License Description', 'Licensing Authority ID', 'License Authorith L3', 'State Name', 'PO Box', 'Fax', 'Email', 'Ext.', 'Zip Ext', 'Location 1', 'Contact Name', 'Phone', 'Contact URL', 'License Title', 'Goe Code', 'License Authority L2', 'License Authority']",dataset,[],Employment,['occupation'],official,136.0,2.0,2.0,75.0,6.24792751344,data.datamontana.us,"['occupation', 'employment']","['occupation', 'employment', 'for', 'Occupation', '2c', 'item', '13']","[(9, 0.16987179487179493), (15, 0.16987179487179493), (16, 0.16987179487179493), (20, 0.33653846153846168)]","[(20, 0.3365384615384617), (9, 0.16987179487179493), (15, 0.16987179487179493), (16, 0.16987179487179493)]",20
3996,3996,3996,Open Data Terms of Use Final,"['Open', 'Data', 'Terms', 'of', 'Use', 'Final', 'Coco', '081216']",RC Data,[],[],file,[],Administrative and Fiscal Services,[],official,33.0,1.0,0.0,50.0,5.67242534197,data.countyofriverside.us,"['administrative', 'and', 'fiscal', 'services']","['administrative', 'and', 'fiscal', 'services', 'Open', 'Data', 'Terms', 'of', 'Use', 'Final', 'Coco', '081216']","[(4, 0.19307923631750898), (20, 0.20192307692307684), (21, 0.10420627293236435), (32, 0.10192307692307688), (39, 0.097036486409555894), (40, 0.11337031203287824), (47, 0.10192307692307688)]","[(20, 0.20192307692307684), (4, 0.19307923631750898), (40, 0.11337031203287824), (21, 0.10420627293236435), (32, 0.10192307692307688), (47, 0.10192307692307688), (39, 0.0970364864095559)]",20
18405,18574,18574,ACH Vendor Payments For 06-09-2017,"['ACH', 'Vendor', 'Payments', 'For', '06', '09', '2017']",,[],[],file,[],Money and Finance,['ach'],official,9.0,9.0,0.0,49.0,5.64385618977,opendata.howardcountymd.gov,"['ach', 'money', 'and', 'finance']","['ach', 'money', 'and', 'finance', 'ACH', 'Vendor', 'Payments', 'For', '06', '09', '2017']","[(6, 0.11324786324786329), (20, 0.22435897435897445), (25, 0.11324786324786329), (40, 0.22435897435897445), (48, 0.11324786324786329), (51, 0.11324786324786329)]","[(20, 0.22435897435897445), (40, 0.22435897435897445), (6, 0.11324786324786329), (25, 0.11324786324786329), (48, 0.11324786324786329), (51, 0.11324786324786329)]",20
18406,18575,18575,ACH Vendor Payments for 07-21-2017,"['ACH', 'Vendor', 'Payments', 'for', '07', '21', '2017']",,[],[],file,[],Money and Finance,['ach'],official,4.0,47.0,2.0,47.0,5.58496250072,opendata.howardcountymd.gov,"['ach', 'money', 'and', 'finance']","['ach', 'money', 'and', 'finance', 'ACH', 'Vendor', 'Payments', 'for', '07', '21', '2017']","[(16, 0.13017809063349606), (20, 0.25240384615384626), (25, 0.1274038461538462), (40, 0.24962960167419637), (48, 0.1274038461538462)]","[(20, 0.25240384615384626), (40, 0.24962960167419637), (16, 0.13017809063349606), (25, 0.1274038461538462), (48, 0.1274038461538462)]",20
18407,18576,18576,ACH Vendor  Payments for 06-30-2017,"['ACH', 'Vendor', 'Payments', 'for', '06', '30', '2017']",,[],[],file,[],Money and Finance,['ach'],official,13.0,10.0,0.0,38.0,5.28540221886,opendata.howardcountymd.gov,"['ach', 'money', 'and', 'finance']","['ach', 'money', 'and', 'finance', 'ACH', 'Vendor', 'Payments', 'for', '06', '30', '2017']","[(6, 0.1274038461538462), (20, 0.25240384615384626), (25, 0.1274038461538462), (40, 0.25240384615384626), (48, 0.1274038461538462)]","[(20, 0.25240384615384626), (40, 0.25240384615384626), (6, 0.1274038461538462), (25, 0.1274038461538462), (48, 0.1274038461538462)]",20
18408,18577,18577,ACH Vendor Payments For 06-16-2017,"['ACH', 'Vendor', 'Payments', 'For', '06', '16', '2017']",,[],[],file,[],Money and Finance,['ach'],official,9.0,5.0,0.0,35.0,5.16992500144,opendata.howardcountymd.gov,"['ach', 'money', 'and', 'finance']","['ach', 'money', 'and', 'finance', 'ACH', 'Vendor', 'Payments', 'For', '06', '16', '2017']","[(6, 0.1274038461538462), (20, 0.25240384615384626), (25, 0.1274038461538462), (40, 0.25240384615384626), (48, 0.1274038461538462)]","[(20, 0.25240384615384626), (40, 0.25240384615384626), (6, 0.1274038461538462), (25, 0.1274038461538462), (48, 0.1274038461538462)]",20
18410,18579,18579,ACH Vendor Payments For 06-23-2017,"['ACH', 'Vendor', 'Payments', 'For', '06', '23', '2017']",,[],[],file,[],Money and Finance,['ach'],official,8.0,5.0,0.0,29.0,4.90689059561,opendata.howardcountymd.gov,"['ach', 'money', 'and', 'finance']","['ach', 'money', 'and', 'finance', 'ACH', 'Vendor', 'Payments', 'For', '06', '23', '2017']","[(6, 0.1274038461538462), (20, 0.25240384615384626), (25, 0.1274038461538462), (40, 0.25240384615384626), (48, 0.1274038461538462)]","[(20, 0.25240384615384626), (40, 0.25240384615384626), (6, 0.1274038461538462), (25, 0.1274038461538462), (48, 0.1274038461538462)]",20
18411,18580,18580,ACH Vendor Payments for 07-14-2017,"['ACH', 'Vendor', 'Payments', 'for', '07', '14', '2017']",,[],[],file,[],Money and Finance,['ach'],official,8.0,21.0,2.0,28.0,4.85798099513,opendata.howardcountymd.gov,"['ach', 'money', 'and', 'finance']","['ach', 'money', 'and', 'finance', 'ACH', 'Vendor', 'Payments', 'for', '07', '14', '2017']","[(16, 0.13015530889660706), (20, 0.25240384615384626), (25, 0.1274038461538462), (40, 0.24965238341108537), (48, 0.1274038461538462)]","[(20, 0.25240384615384626), (40, 0.24965238341108537), (16, 0.13015530889660706), (25, 0.1274038461538462), (48, 0.1274038461538462)]",20
18414,18583,18583,ACH Vendor Payments For 07-28-2017,"['ACH', 'Vendor', 'Payments', 'For', '07', '28', '2017']",,[],[],file,[],Money and Finance,['ach'],official,2.0,21.0,6.0,21.0,4.45943161864,opendata.howardcountymd.gov,"['ach', 'money', 'and', 'finance']","['ach', 'money', 'and', 'finance', 'ACH', 'Vendor', 'Payments', 'For', '07', '28', '2017']","[(16, 0.1301671670072716), (20, 0.25240384615384626), (25, 0.1274038461538462), (40, 0.24964052530042086), (48, 0.1274038461538462)]","[(20, 0.25240384615384626), (40, 0.24964052530042086), (16, 0.1301671670072716), (25, 0.1274038461538462), (48, 0.1274038461538462)]",20
18415,18584,18584,ACH Vendor Payments For 08-04 & 05 2017,"['ACH', 'Vendor', 'Payments', 'For', '08', '04', '05', '2017']",,[],[],file,[],Money and Finance,['ach'],official,4.0,21.0,9.0,21.0,4.45943161864,opendata.howardcountymd.gov,"['ach', 'money', 'and', 'finance']","['ach', 'money', 'and', 'finance', 'ACH', 'Vendor', 'Payments', 'For', '08', '04', '05', '2017']","[(18, 0.10192307692307692), (20, 0.20192307692307693), (25, 0.10192307692307692), (26, 0.10192307692307692), (40, 0.20192307692307693), (48, 0.20192307692307693)]","[(20, 0.20192307692307693), (40, 0.20192307692307693), (48, 0.20192307692307693), (18, 0.10192307692307692), (25, 0.10192307692307692), (26, 0.10192307692307692)]",20
18416,18585,18585,ACH Vendor Payments For 06-02-2017,"['ACH', 'Vendor', 'Payments', 'For', '06', '02', '2017']",,[],[],file,[],Money and Finance,['ach'],official,8.0,3.0,0.0,19.0,4.32192809489,opendata.howardcountymd.gov,"['ach', 'money', 'and', 'finance']","['ach', 'money', 'and', 'finance', 'ACH', 'Vendor', 'Payments', 'For', '06', '02', '2017']","[(6, 0.11324786324786323), (20, 0.22435897435897434), (25, 0.11324786324786323), (40, 0.20990376848394832), (47, 0.12770306912288923), (48, 0.11324786324786323)]","[(20, 0.22435897435897434), (40, 0.20990376848394832), (47, 0.12770306912288923), (6, 0.11324786324786323), (25, 0.11324786324786323), (48, 0.11324786324786323)]",20
17446,17615,17615,"Percentage of persons aged 15 to 24 years old diagnosed with Chlamydia trachomatis infections (family planning and clinic patients), New Jersey, by year: Beginning 2010","['Ratio', 'Percent', 'of', 'newly', 'reported', 'chlamydia', 'infections', 'among', 'all', 'persons', 'aged', '15', '24', 'years', 'old', 'who', 'were', 'tested', 'in', 'family', 'planning', 'or', 'STD', 'clinic', 'locations', 'by', 'diagnosis', 'date', 'Definition', 'Count', 'of', 'positive', 'Chlamydia', 'trachomatis', 'cases', 'among', 'persons', 'age', '15', '24', 'years', 'who', 'were', 'screened', 'in', 'family', 'planning', 'and', 'STD', 'clinics', 'among', 'number', 'of', 'persons', 'aged', '15', '24', 'years', 'who', 'were', 'screened', 'for', 'Chlamydia', 'trachomatis', 'in', 'family', 'planning', 'and', 'STD', 'clinics', 'Data', 'Source', 'Division', 'of', 'HIV/AIDS', 'STD', 'and', 'TB', 'Services', 'New', 'Jersey', 'Department', 'of', 'Health']","Division of HIV/AIDS, STD and TB Services, New Jersey Department of Health","['race', 'rate_per_100_000_females', 'year']","['Race', 'Percent', 'Year']",dataset,"['health', 'infrastructure', 'demographics']",,"['percent', 'case', 'transmission', 'infect', 'disease', 'girls', 'boys', 'women', 'men', 'transmit', 'sexually', 'std', 'diagnosis', 'diagnose', 'adult', 'young adult', 'teen', 'trachomatis', 'chlamydia']",official,16.0,0.0,0.0,17.0,4.16992500144,healthdata.nj.gov,"['percent', 'case', 'transmission', 'infect', 'disease', 'girls', 'boys', 'women', 'men', 'transmit', 'sexually', 'std', 'diagnosis', 'diagnose', 'adult', 'young', 'adult', 'teen', 'trachomatis', 'chlamydia', 'health', 'infrastructure', 'demographics']","['percent', 'case', 'transmission', 'infect', 'disease', 'girls', 'boys', 'women', 'men', 'transmit', 'sexually', 'std', 'diagnosis', 'diagnose', 'adult', 'young', 'adult', 'teen', 'trachomatis', 'chlamydia', 'health', 'infrastructure', 'demographics', 'Ratio', 'Percent', 'of', 'newly', 'reported', 'chlamydia', 'infections', 'among', 'all', 'persons', 'aged', '15', '24', 'years', 'old', 'who', 'were', 'tested', 'in', 'family', 'planning', 'or', 'STD', 'clinic', 'locations', 'by', 'diagnosis', 'date', 'Definition', 'Count', 'of', 'positive', 'Chlamydia', 'trachomatis', 'cases', 'among', 'persons', 'age', '15', '24', 'years', 'who', 'were', 'screened', 'in', 'family', 'planning', 'and', 'STD', 'clinics', 'among', 'number', 'of', 'persons', 'aged', '15', '24', 'years', 'who', 'were', 'screened', 'for', 'Chlamydia', 'trachomatis', 'in', 'family', 'planning', 'and', 'STD', 'clinics', 'Data', 'Source', 'Division', 'of', 'HIV/AIDS', 'STD', 'and', 'TB', 'Services', 'New', 'Jersey', 'Department', 'of', 'Health']","[(0, 0.014021566484221966), (2, 0.1268187989738204), (5, 0.012740384615384612), (8, 0.048953617712440556), (10, 0.013391809069127078), (14, 0.053304134070544629), (16, 0.013550907137749825), (17, 0.016452781968082194), (19, 0.12365483056057733), (20, 0.15414414876860627), (22, 0.012740384615384612), (26, 0.029818614897055024), (29, 0.032661268492663778), (31, 0.017121526819202756), (32, 0.012740384615384612), (38, 0.058419605036188073), (39, 0.10584362641389529), (49, 0.04142498148082794), (51, 0.10426393596115061)]","[(20, 0.15414414876860627), (2, 0.1268187989738204), (19, 0.12365483056057733), (39, 0.10584362641389529), (51, 0.1042639359611506), (38, 0.05841960503618807), (14, 0.05330413407054463), (8, 0.048953617712440556), (49, 0.04142498148082794), (29, 0.03266126849266378), (26, 0.029818614897055024), (31, 0.017121526819202756), (17, 0.016452781968082194), (0, 0.014021566484221966), (16, 0.013550907137749825), (10, 0.013391809069127078), (5, 0.012740384615384612), (22, 0.012740384615384612), (32, 0.012740384615384612)]",20
2556,2556,2556,April 2017 Passport Data,"['All', 'credit', 'card', 'revenue', 'and', 'transaction', 'count', 'for', 'the', 'month', 'of', 'April']",,"['_9', '_8', '_12', '_21', '_20', '_17', '_18', '_15', '_16', '_5', '_26', '_4', '_3', '_1', '_29', '_28', '_27', '_25', '_24', '_23', '_22', '_19', '_14', '_13', '_11', '_10', '_7', '_6', '_2', 'city_of_evanston_il']","['9', '8', '12', '21', '20', '17', '18', '15', '16', '5', '26', '4', '3', '1', '29', '28', '27', '25', '24', '23', '22', '19', '14', '13', '11', '10', '7', '6', '2', 'City of Evanston, IL']",dataset,[],,['transaction revenue passport creditcard evanston mastercard discover amex'],official,1.0,0.0,0.0,16.0,4.08746284125,data.cityofevanston.org,"['transaction', 'revenue', 'passport', 'creditcard', 'evanston', 'mastercard', 'discover', 'amex']","['transaction', 'revenue', 'passport', 'creditcard', 'evanston', 'mastercard', 'discover', 'amex', 'All', 'credit', 'card', 'revenue', 'and', 'transaction', 'count', 'for', 'the', 'month', 'of', 'April']","[(1, 0.066812482877889615), (16, 0.063701923076922976), (20, 0.49809136327595571), (25, 0.12620192307692288), (29, 0.063701923076922976), (31, 0.063701923076922976), (36, 0.063701923076922976)]","[(20, 0.4980913632759557), (25, 0.12620192307692288), (1, 0.06681248287788961), (16, 0.06370192307692298), (29, 0.06370192307692298), (31, 0.06370192307692298), (36, 0.06370192307692298)]",20
18417,18586,18586,ACH Vendor Payments for 08-11-2017,"['ACH', 'Vendor', 'Payments', 'for', '08', '11', '2017']",,[],[],file,[],Money and Finance,['ach'],official,4.0,15.0,15.0,15.0,4.0,opendata.howardcountymd.gov,"['ach', 'money', 'and', 'finance']","['ach', 'money', 'and', 'finance', 'ACH', 'Vendor', 'Payments', 'for', '08', '11', '2017']","[(18, 0.1274038461538462), (20, 0.2524038461538462), (25, 0.12740384615384617), (40, 0.2524038461538462), (48, 0.12740384615384617)]","[(20, 0.2524038461538462), (40, 0.2524038461538462), (18, 0.1274038461538462), (25, 0.12740384615384617), (48, 0.12740384615384617)]",20
2578,2578,2578,July 2016 Passport Data,"['All', 'credit', 'card', 'revenue', 'and', 'transaction', 'count', 'for', 'the', 'month', 'of', 'July']",,"['_14', '_11', '_12', '_10', '_8', '_5', '_4', '_20', '_16', '_25', '_24', '_3', '_2', '_1', '_26', '_23', '_22', '_21', '_19', '_18', '_17', '_15', '_13', '_9', '_7', '_6', 'city_of_evanston_il']","['14', '11', '12', '10', '8', '5', '4', '20', '16', '25', '24', '3', '2', '1', '26', '23', '22', '21', '19', '18', '17', '15', '13', '9', '7', '6', 'City of Evanston, IL']",dataset,[],Parking,['transaction revenue passport creditcard evanston mastercard discover amex'],official,2.0,5.0,0.0,10.0,3.45943161864,data.cityofevanston.org,"['transaction', 'revenue', 'passport', 'creditcard', 'evanston', 'mastercard', 'discover', 'amex', 'parking']","['transaction', 'revenue', 'passport', 'creditcard', 'evanston', 'mastercard', 'discover', 'amex', 'parking', 'All', 'credit', 'card', 'revenue', 'and', 'transaction', 'count', 'for', 'the', 'month', 'of', 'July']","[(1, 0.062901886919850936), (3, 0.06282575133944783), (16, 0.059954751131221624), (20, 0.46590132101671844), (25, 0.11877828054298625), (29, 0.059954751131221624), (36, 0.059954751131221624), (40, 0.059954751131221624)]","[(20, 0.46590132101671844), (25, 0.11877828054298625), (1, 0.06290188691985094), (3, 0.06282575133944783), (16, 0.059954751131221624), (29, 0.059954751131221624), (36, 0.059954751131221624), (40, 0.059954751131221624)]",20
2576,2576,2576,February 2017 Passport Data,"['All', 'credit', 'card', 'revenue', 'and', 'transaction', 'counts', 'for', 'the', 'month', 'of', 'February']",,"['_20', '_27', '_26', '_25', '_24', '_23', '_22', '_21', '_19', '_18', '_17', '_16', '_15', '_14', '_13', '_12', '_11', '_10', '_9', '_8', '_7', '_6', '_5', '_4', '_3', '_2', '_1', 'city_of_evanston_il']","['20', '27', '26', '25', '24', '23', '22', '21', '19', '18', '17', '16', '15', '14', '13', '12', '11', '10', '9', '8', '7', '6', '5', '4', '3', '2', '1', 'City of Evanston, IL']",dataset,['finance'],Parking,['transaction revenue passport creditcard evanston mastercard discover amex'],official,2.0,0.0,0.0,10.0,3.45943161864,data.cityofevanston.org,"['transaction', 'revenue', 'passport', 'creditcard', 'evanston', 'mastercard', 'discover', 'amex', 'finance', 'parking']","['transaction', 'revenue', 'passport', 'creditcard', 'evanston', 'mastercard', 'discover', 'amex', 'finance', 'parking', 'All', 'credit', 'card', 'revenue', 'and', 'transaction', 'counts', 'for', 'the', 'month', 'of', 'February']","[(1, 0.05939445712351922), (3, 0.06747213291454196), (7, 0.0498575961550431), (16, 0.060360992515278468), (20, 0.43866042919151027), (24, 0.056623931623931568), (25, 0.11217948717948704), (29, 0.056623931623931555), (40, 0.052886870732584648)]","[(20, 0.43866042919151027), (25, 0.11217948717948704), (3, 0.06747213291454196), (16, 0.06036099251527847), (1, 0.05939445712351922), (24, 0.05662393162393157), (29, 0.056623931623931555), (40, 0.05288687073258465), (7, 0.0498575961550431)]",20
2577,2577,2577,October 2016 Passport Data,"['All', 'credit', 'card', 'revenue', 'and', 'transaction', 'count', 'for', 'the', 'month', 'of', 'October']",,"['_11', '_25', '_22', '_18', '_16', '_14', '_10', '_8', '_6', '_4', '_2', '_24', '_23', '_21', '_20', '_19', '_17', '_15', '_13', '_12', '_9', '_7', '_5', '_3', '_1', 'city_of_evanston_il']","['11', '25', '22', '18', '16', '14', '10', '8', '6', '4', '2', '24', '23', '21', '20', '19', '17', '15', '13', '12', '9', '7', '5', '3', '1', 'City of Evanston, IL']",dataset,[],Parking,['transaction revenue passport creditcard evanston mastercard discover amex'],official,1.0,0.0,0.0,10.0,3.45943161864,data.cityofevanston.org,"['transaction', 'revenue', 'passport', 'creditcard', 'evanston', 'mastercard', 'discover', 'amex', 'parking']","['transaction', 'revenue', 'passport', 'creditcard', 'evanston', 'mastercard', 'discover', 'amex', 'parking', 'All', 'credit', 'card', 'revenue', 'and', 'transaction', 'count', 'for', 'the', 'month', 'of', 'October']","[(1, 0.062916339326090906), (3, 0.062828989966893622), (16, 0.059954751131221624), (20, 0.46588362998303273), (25, 0.11877828054298625), (29, 0.059954751131221624), (36, 0.059954751131221638), (50, 0.059954751131221624)]","[(20, 0.46588362998303273), (25, 0.11877828054298625), (1, 0.0629163393260909), (3, 0.06282898996689362), (36, 0.05995475113122164), (16, 0.059954751131221624), (29, 0.059954751131221624), (50, 0.059954751131221624)]",20
18419,18588,18588,ACH Vendor Payments For 04-07-2017,"['ACH', 'Vendor', 'Payments', 'For', '04', '07', '2017']",,[],[],file,[],Money and Finance,['ach'],official,11.0,3.0,0.0,9.0,3.32192809489,opendata.howardcountymd.gov,"['ach', 'money', 'and', 'finance']","['ach', 'money', 'and', 'finance', 'ACH', 'Vendor', 'Payments', 'For', '04', '07', '2017']","[(16, 0.11570638597103021), (20, 0.22435897435897434), (25, 0.11324786324786323), (40, 0.22190045163580738), (48, 0.22435897435897434)]","[(20, 0.22435897435897434), (48, 0.22435897435897434), (40, 0.22190045163580738), (16, 0.11570638597103021), (25, 0.11324786324786323)]",20
2593,2593,2593,March 2017 Passport Data,"['All', 'credit', 'card', 'revenue', 'and', 'transaction', 'counts', 'for', 'the', 'month', 'of', 'March']",,"['_25', '_21', '_16', '_15', '_9', '_1', '_26', '_24', '_23', '_22', '_20', '_19', '_18', '_17', '_14', '_13', '_12', '_11', '_10', '_8', '_7', '_6', '_5', '_4', '_3', '_2', 'city_of_evanston_il']","['25', '21', '16', '15', '9', '1', '26', '24', '23', '22', '20', '19', '18', '17', '14', '13', '12', '11', '10', '8', '7', '6', '5', '4', '3', '2', 'City of Evanston, IL']",dataset,['public safety'],Parking,['transaction revenue passport creditcard evanston mastercard discover amex'],official,1.0,0.0,0.0,7.0,3.0,data.cityofevanston.org,"['transaction', 'revenue', 'passport', 'creditcard', 'evanston', 'mastercard', 'discover', 'amex', 'public', 'safety', 'parking']","['transaction', 'revenue', 'passport', 'creditcard', 'evanston', 'mastercard', 'discover', 'amex', 'public', 'safety', 'parking', 'All', 'credit', 'card', 'revenue', 'and', 'transaction', 'counts', 'for', 'the', 'month', 'of', 'March']","[(1, 0.06042845859047092), (3, 0.063785225769506959), (7, 0.047351697199991785), (16, 0.056142186873609598), (20, 0.41531659096079077), (25, 0.10627530364372458), (26, 0.15252239931008257), (29, 0.053643724696356213)]","[(20, 0.41531659096079077), (26, 0.15252239931008257), (25, 0.10627530364372458), (3, 0.06378522576950696), (1, 0.06042845859047092), (16, 0.0561421868736096), (29, 0.05364372469635621), (7, 0.047351697199991785)]",20
2590,2590,2590,January 2017 Passport Data,"['All', 'credit', 'card', 'revenue', 'and', 'transaction', 'count', 'for', 'the', 'month', 'of', 'January']",,"['_10', '_24', '_16', '_14', '_13', '_8', '_7', '_4', 'city_of_evanston_il', '_23', '_22', '_21', '_20', '_19', '_18', '_17', '_15', '_12', '_11', '_9', '_6', '_5', '_3', '_2', '_1']","['10', '24', '16', '14', '13', '8', '7', '4', 'City of Evanston, IL', '23', '22', '21', '20', '19', '18', '17', '15', '12', '11', '9', '6', '5', '3', '2', '1']",dataset,[],Parking,['transaction revenue passport creditcard evanston mastercard discover amex'],official,1.0,0.0,0.0,7.0,3.0,data.cityofevanston.org,"['transaction', 'revenue', 'passport', 'creditcard', 'evanston', 'mastercard', 'discover', 'amex', 'parking']","['transaction', 'revenue', 'passport', 'creditcard', 'evanston', 'mastercard', 'discover', 'amex', 'parking', 'All', 'credit', 'card', 'revenue', 'and', 'transaction', 'count', 'for', 'the', 'month', 'of', 'January']","[(1, 0.062921319508190451), (3, 0.064849089448518582), (16, 0.059954751131221638), (20, 0.46574322006609847), (25, 0.16947857459010554), (29, 0.066193316749076858), (36, 0.059954751131221638)]","[(20, 0.4657432200660985), (25, 0.16947857459010554), (29, 0.06619331674907686), (3, 0.06484908944851858), (1, 0.06292131950819045), (16, 0.05995475113122164), (36, 0.05995475113122164)]",20
2591,2591,2591,September 2016 Passport Data,"['All', 'credit', 'card', 'revenue', 'and', 'transaction', 'count', 'for', 'the', 'month', 'of', 'September']",,"['_20', '_18', '_19', '_10', '_11', '_8', '_9', '_24', '_23', '_22', '_21', '_17', '_16', '_15', '_14', '_13', '_12', '_7', '_6', '_5', '_4', '_3', '_2', '_1', 'city_of_evanston_il']","['20', '18', '19', '10', '11', '8', '9', '24', '23', '22', '21', '17', '16', '15', '14', '13', '12', '7', '6', '5', '4', '3', '2', '1', 'City of Evanston, IL']",dataset,"['social services', 'finance']",Parking,['transaction revenue passport creditcard evanston mastercard discover amex'],official,1.0,0.0,0.0,7.0,3.0,data.cityofevanston.org,"['transaction', 'revenue', 'passport', 'creditcard', 'evanston', 'mastercard', 'discover', 'amex', 'social', 'services', 'finance', 'parking']","['transaction', 'revenue', 'passport', 'creditcard', 'evanston', 'mastercard', 'discover', 'amex', 'social', 'services', 'finance', 'parking', 'All', 'credit', 'card', 'revenue', 'and', 'transaction', 'count', 'for', 'the', 'month', 'of', 'September']","[(1, 0.053442805071138931), (3, 0.053397666376977015), (16, 0.052056012363732307), (17, 0.050961538461538392), (20, 0.39604414393649884), (25, 0.10096153846153834), (29, 0.050961538461538392), (36, 0.050961538461538392), (39, 0.050961538461538392), (40, 0.099867064559344423)]","[(20, 0.39604414393649884), (25, 0.10096153846153834), (40, 0.09986706455934442), (1, 0.05344280507113893), (3, 0.053397666376977015), (16, 0.05205601236373231), (17, 0.05096153846153839), (29, 0.05096153846153839), (36, 0.05096153846153839), (39, 0.05096153846153839)]",20
14522,14691,14691,Customer Participation,"['Customer', 'water', 'audits', 'performed', 'and', 'rebates', 'issued']",,"['number_of_rebates', 'year_number', 'year', 'number_of_visits']","['Number of Rebates', 'Year Number', 'Year', 'Number of Visits']",dataset,[],Water Department,[],official,76.0,0.0,0.0,7.0,3.0,data.srcity.org,"['water', 'department']","['water', 'department', 'Customer', 'water', 'audits', 'performed', 'and', 'rebates', 'issued']","[(20, 0.40852071768569437), (27, 0.24309501080079096), (37, 0.09265170345718951), (41, 0.1531684654922221)]","[(20, 0.40852071768569437), (27, 0.24309501080079096), (41, 0.1531684654922221), (37, 0.09265170345718951)]",20
2592,2592,2592,December 2016 Passport Data,"['All', 'credit', 'card', 'revenue', 'and', 'transaction', 'count', 'for', 'the', 'month', 'of', 'December']",,"['_13', '_12', '_11', '_9', '_14', '_24', '_8', '_5', '_4', '_23', '_7', '_3', 'city_of_evanston_il', '_22', '_21', '_20', '_19', '_18', '_17', '_16', '_15', '_10', '_6', '_2', '_1']","['13', '12', '11', '9', '14', '24', '8', '5', '4', '23', '7', '3', 'City of Evanston, IL', '22', '21', '20', '19', '18', '17', '16', '15', '10', '6', '2', '1']",dataset,[],Parking,['transaction revenue passport creditcard evanston mastercard discover amex'],official,1.0,0.0,0.0,7.0,3.0,data.cityofevanston.org,"['transaction', 'revenue', 'passport', 'creditcard', 'evanston', 'mastercard', 'discover', 'amex', 'parking']","['transaction', 'revenue', 'passport', 'creditcard', 'evanston', 'mastercard', 'discover', 'amex', 'parking', 'All', 'credit', 'card', 'revenue', 'and', 'transaction', 'count', 'for', 'the', 'month', 'of', 'December']","[(1, 0.062924397230093382), (3, 0.062818364727695475), (16, 0.059954751131221638), (20, 0.46588619731822856), (25, 0.17180078291049111), (29, 0.065755778175481408), (36, 0.059954751131221638)]","[(20, 0.46588619731822856), (25, 0.1718007829104911), (29, 0.06575577817548141), (1, 0.06292439723009338), (3, 0.06281836472769547), (16, 0.05995475113122164), (36, 0.05995475113122164)]",20
18421,18590,18590,ACH Vendor Payments for 04-13-2017,"['ACH', 'Vendor', 'Payments', 'for', '04', '13', '2017']",,[],[],file,[],Money and Finance,['ach'],official,11.0,3.0,0.0,6.0,2.80735492206,opendata.howardcountymd.gov,"['ach', 'money', 'and', 'finance']","['ach', 'money', 'and', 'finance', 'ACH', 'Vendor', 'Payments', 'for', '04', '13', '2017']","[(20, 0.25240384615384626), (25, 0.1274038461538462), (40, 0.25240384615384626), (48, 0.25240384615384626)]","[(20, 0.25240384615384626), (40, 0.25240384615384626), (48, 0.25240384615384626), (25, 0.1274038461538462)]",20
2599,2599,2599,August 2016 Passport Data,"['All', 'credit', 'card', 'revenue', 'and', 'transaction', 'count', 'for', 'the', 'month', 'of', 'August']",,"['_9', '_3', '_2', '_12', '_26', '_25', '_24', '_23', '_22', '_21', '_20', '_19', '_18', '_17', '_16', '_15', '_14', '_13', '_11', '_10', '_8', '_7', '_6', '_5', '_4', '_1', 'city_of_evanston_il']","['9', '3', '2', '12', '26', '25', '24', '23', '22', '21', '20', '19', '18', '17', '16', '15', '14', '13', '11', '10', '8', '7', '6', '5', '4', '1', 'City of Evanston, IL']",dataset,[],Parking,['transaction revenue passport creditcard evanston mastercard discover amex'],official,1.0,0.0,0.0,6.0,2.80735492206,data.cityofevanston.org,"['transaction', 'revenue', 'passport', 'creditcard', 'evanston', 'mastercard', 'discover', 'amex', 'parking']","['transaction', 'revenue', 'passport', 'creditcard', 'evanston', 'mastercard', 'discover', 'amex', 'parking', 'All', 'credit', 'card', 'revenue', 'and', 'transaction', 'count', 'for', 'the', 'month', 'of', 'August']","[(3, 0.062798895442561661), (12, 0.11877828054298625), (16, 0.059954751131221624), (20, 0.46887531270223398), (25, 0.11877828054298625), (29, 0.059954751131221624), (36, 0.059954751131221624)]","[(20, 0.468875312702234), (12, 0.11877828054298625), (25, 0.11877828054298625), (3, 0.06279889544256166), (16, 0.059954751131221624), (29, 0.059954751131221624), (36, 0.059954751131221624)]",20
18423,18592,18592,ACH Vendor Payments For 05-12-2017,"['ACH', 'Vendor', 'Payments', 'For', '05', '12', '2017']",,[],[],file,[],Money and Finance,['ach'],official,8.0,2.0,0.0,5.0,2.58496250072,opendata.howardcountymd.gov,"['ach', 'money', 'and', 'finance']","['ach', 'money', 'and', 'finance', 'ACH', 'Vendor', 'Payments', 'For', '05', '12', '2017']","[(20, 0.25240384615384626), (25, 0.1274038461538462), (26, 0.1274038461538462), (40, 0.25240384615384626), (48, 0.1274038461538462)]","[(20, 0.25240384615384626), (40, 0.25240384615384626), (25, 0.1274038461538462), (26, 0.1274038461538462), (48, 0.1274038461538462)]",20
18422,18591,18591,ACH Vendor Payments For 04-28-2017,"['ACH', 'Vendor', 'Payments', 'For', '04', '28', '2017']",,[],[],file,[],Money and Finance,['ach'],official,11.0,0.0,0.0,5.0,2.58496250072,opendata.howardcountymd.gov,"['ach', 'money', 'and', 'finance']","['ach', 'money', 'and', 'finance', 'ACH', 'Vendor', 'Payments', 'For', '04', '28', '2017']","[(20, 0.25240384615384626), (25, 0.1274038461538462), (40, 0.25240384615384626), (48, 0.25240384615384626)]","[(20, 0.25240384615384626), (40, 0.25240384615384626), (48, 0.25240384615384626), (25, 0.1274038461538462)]",20
2602,2602,2602,November 2016 Passport Data,"['All', 'credit', 'card', 'revenue', 'and', 'transaction', 'count', 'for', 'the', 'month', 'of', 'November']",,"['_10', '_9', '_4', '_2', 'city_of_evanston_il', '_20', '_21', '_12', '_23', '_19', '_18', '_17', '_15', '_14', '_24', '_22', '_16', '_13', '_11', '_8', '_7', '_6', '_5', '_3', '_1']","['10', '9', '4', '2', 'City of Evanston, IL', '20', '21', '12', '23', '19', '18', '17', '15', '14', '24', '22', '16', '13', '11', '8', '7', '6', '5', '3', '1']",dataset,[],Parking,['transaction revenue passport creditcard evanston mastercard discover amex'],official,1.0,0.0,0.0,5.0,2.58496250072,data.cityofevanston.org,"['transaction', 'revenue', 'passport', 'creditcard', 'evanston', 'mastercard', 'discover', 'amex', 'parking']","['transaction', 'revenue', 'passport', 'creditcard', 'evanston', 'mastercard', 'discover', 'amex', 'parking', 'All', 'credit', 'card', 'revenue', 'and', 'transaction', 'count', 'for', 'the', 'month', 'of', 'November']","[(1, 0.062900900470040405), (3, 0.062826403785631466), (16, 0.059954751131221624), (20, 0.46590165502034536), (25, 0.11877828054298625), (29, 0.059954751131221624), (31, 0.059954751131221624), (36, 0.059954751131221624)]","[(20, 0.46590165502034536), (25, 0.11877828054298625), (1, 0.0629009004700404), (3, 0.06282640378563147), (16, 0.059954751131221624), (29, 0.059954751131221624), (31, 0.059954751131221624), (36, 0.059954751131221624)]",20
18424,18593,18593,ACH Vendor Payments for 05-26-2017,"['ACH', 'Vendor', 'Payments', 'for', '05', '26', '2017']",,[],[],file,[],Money and Finance,['ach'],official,8.0,0.0,0.0,4.0,2.32192809489,opendata.howardcountymd.gov,"['ach', 'money', 'and', 'finance']","['ach', 'money', 'and', 'finance', 'ACH', 'Vendor', 'Payments', 'for', '05', '26', '2017']","[(20, 0.25240384615384626), (25, 0.1274038461538462), (26, 0.1274038461538462), (40, 0.25240384615384626), (48, 0.1274038461538462)]","[(20, 0.25240384615384626), (40, 0.25240384615384626), (25, 0.1274038461538462), (26, 0.1274038461538462), (48, 0.1274038461538462)]",20
18425,18594,18594,ACH Vendor Payments For 05-05-2017,"['ACH', 'Vendor', 'Payments', 'For', '05', '05', '2017']",,[],[],file,[],Money and Finance,['ach'],official,10.0,2.0,0.0,3.0,2.0,opendata.howardcountymd.gov,"['ach', 'money', 'and', 'finance']","['ach', 'money', 'and', 'finance', 'ACH', 'Vendor', 'Payments', 'For', '05', '05', '2017']","[(20, 0.22435897435897434), (25, 0.11324786324786323), (26, 0.22435897435897434), (40, 0.22435897435897434), (48, 0.11324786324786323)]","[(20, 0.22435897435897434), (26, 0.22435897435897434), (40, 0.22435897435897434), (25, 0.11324786324786323), (48, 0.11324786324786323)]",20
18426,18595,18595,ACH Vendor Payments for 05-19-2017,"['ACH', 'Vendor', 'Payments', 'for', '05', '19', '2017']",,[],[],file,[],Money and Finance,['ach'],official,8.0,1.0,0.0,3.0,2.0,opendata.howardcountymd.gov,"['ach', 'money', 'and', 'finance']","['ach', 'money', 'and', 'finance', 'ACH', 'Vendor', 'Payments', 'for', '05', '19', '2017']","[(20, 0.25240384615384626), (25, 0.1274038461538462), (26, 0.1274038461538462), (40, 0.25240384615384626), (48, 0.1274038461538462)]","[(20, 0.25240384615384626), (40, 0.25240384615384626), (25, 0.1274038461538462), (26, 0.1274038461538462), (48, 0.1274038461538462)]",20
18427,18596,18596,ACH Vendor Payments for 04-21-2017,"['ACH', 'Vendor', 'Payments', 'for', '04', '21', '2017']",,[],[],file,[],Money and Finance,['ach'],official,10.0,1.0,0.0,3.0,2.0,opendata.howardcountymd.gov,"['ach', 'money', 'and', 'finance']","['ach', 'money', 'and', 'finance', 'ACH', 'Vendor', 'Payments', 'for', '04', '21', '2017']","[(20, 0.25240384615384626), (25, 0.1274038461538462), (40, 0.25240384615384626), (48, 0.25240384615384626)]","[(20, 0.25240384615384626), (40, 0.25240384615384626), (48, 0.25240384615384626), (25, 0.1274038461538462)]",20
